<?xml version="1.0" encoding="utf-8"?>

<propertyFile xmlns="http://www.csiberkeley.com"
 xmlns:xsi="http://www.w3.org/2001/XMLSchema-instance"
 xsi:schemaLocation="http://www.csiberkeley.com CSiMaterialLibrary.xsd">

  <!-- This file should be validated against the schema file. 
       If there are any validation errors in this file, the entire file is ignored.
  -->
  
  <control lengthUnits="m" forceUnits="kN">
    <fileID>CSI Material Library for New Zealand</fileID>
    <fileVersion>2.2</fileVersion>
    <fileDescription>Built-in Material Property templates for New Zealand</fileDescription>
    <!-- 
	Version 2.0 
		steel materials rationalised
		steel materials updated for AS 1163:2016, AS/NZS 3678:2016 and AS 3679.1:2016 standards
		steel material naming convention enhanced to include relevant plate thickness range
		masonry materials added in accordance with NZS 4230:2004
		aluminium material added in accordance with AS/NZS 1664.1:1997
		cold formed steel material properties added in accordance with AS 1397:2001, AS/NZS 1594:2002 and AS/NZS 1595:1998
		common tendon (strand) materials added in accordance with AS/NZS 4671.2:2007
	Version 2.1
		steel materials updated to include AS/NZS3678:2016 Grade 450PL
		cold-formed steel materials for AS/NZS 1594:2002 and AS/NZS 1595:1998 standards renamed from "AS1594..." and "AS1595..." to "AS/NZS1594..." and "AS/NZS1595..." respectively
	Version 2.2
		aluminium material properties corrected (previous versions of the material library erronesouly defined these materials in MPa units)
		-->
  </control>
  
  <region name="New Zealand" lengthUnits="m" forceUnits="kN">
  
    <collection type="Materials">
	
<!-- STEEL MATERIALS  -->
		
	  <standard name="AS 1163:2016">

	  <!-- Grade C250 -->	
	
        <material type="Steel" grade="Grade C250" name="AS1163-C250">
          <weightDensity>76.9822</weightDensity>
          <massDensity>7.850</massDensity>
          <modulusOfElasticity>205000000</modulusOfElasticity>
          <poissonsRatio>0.3</poissonsRatio>
          <coefficientOfThermalExpansion>0.0000117</coefficientOfThermalExpansion>
          <minimumYieldStress>250000</minimumYieldStress>
          <minimumTensileStress>320000</minimumTensileStress>
		  <!-- Effective strengths taken as 1.15*minimum strength	-->
          <effectiveYieldStress>287500</effectiveYieldStress>
          <effectiveTensileStress>368000</effectiveTensileStress>
          <strainAtHardening>0.025</strainAtHardening>
          <strainAtMaxStress>0.18</strainAtMaxStress>
          <strainAtRupture>0.29</strainAtRupture>
        </material>
		
	  <!-- Grade C350 -->		
		
        <material type="Steel" grade="Grade C350" name="AS1163-C350" isDefault="true">
          <weightDensity>76.9822</weightDensity>
          <massDensity>7.850</massDensity>
          <modulusOfElasticity>205000000</modulusOfElasticity>
          <poissonsRatio>0.3</poissonsRatio>
          <coefficientOfThermalExpansion>0.0000117</coefficientOfThermalExpansion>
          <minimumYieldStress>350000</minimumYieldStress>
          <minimumTensileStress>430000</minimumTensileStress>
		  <!-- Effective strengths taken as 1.1*minimum strength	-->
          <effectiveYieldStress>385000</effectiveYieldStress>
          <effectiveTensileStress>473000</effectiveTensileStress>
          <strainAtHardening>0.025</strainAtHardening>
          <strainAtMaxStress>0.18</strainAtMaxStress>
          <strainAtRupture>0.29</strainAtRupture>
        </material>

	  <!-- Grade C450 -->		
		
        <material type="Steel" grade="Grade C450" name="AS1163-C450">
          <weightDensity>76.9822</weightDensity>
          <massDensity>7.850</massDensity>
          <modulusOfElasticity>205000000</modulusOfElasticity>
          <poissonsRatio>0.3</poissonsRatio>
          <coefficientOfThermalExpansion>0.0000117</coefficientOfThermalExpansion>
          <minimumYieldStress>450000</minimumYieldStress>
          <minimumTensileStress>500000</minimumTensileStress>
		  <!-- Effective strengths taken as 1.1*minimum strength	-->
          <effectiveYieldStress>495000</effectiveYieldStress>
          <effectiveTensileStress>550000</effectiveTensileStress>
          <strainAtHardening>0.025</strainAtHardening>
          <strainAtMaxStress>0.18</strainAtMaxStress>
          <strainAtRupture>0.29</strainAtRupture>
        </material>
		
	  </standard>		
	
	  <standard name="AS/NZS 3678:2016">
	
	  <!-- Grade 250PL -->
	
        <material type="Steel" grade="Grade 250PL (t&lt;=8mm)" name="AS/NZS3678-250PL(t&lt;=8mm)">
          <weightDensity>76.9822</weightDensity>
          <massDensity>7.850</massDensity>
          <modulusOfElasticity>205000000</modulusOfElasticity>
          <poissonsRatio>0.3</poissonsRatio>
          <coefficientOfThermalExpansion>0.0000117</coefficientOfThermalExpansion>
          <minimumYieldStress>280000</minimumYieldStress>
          <minimumTensileStress>410000</minimumTensileStress>
		  <!-- Effective strength taken as 1.15*minimum strength	-->
          <effectiveYieldStress>322000</effectiveYieldStress>
          <effectiveTensileStress>471500</effectiveTensileStress>
          <strainAtHardening>0.025</strainAtHardening>
          <strainAtMaxStress>0.18</strainAtMaxStress>
          <strainAtRupture>0.29</strainAtRupture>
        </material>
	
        <material type="Steel" grade="Grade 250PL (8mm&lt;t&lt;=12mm)" name="AS/NZS3678-250PL(8mm&lt;t&lt;=12mm)">
          <weightDensity>76.9822</weightDensity>
          <massDensity>7.850</massDensity>
          <modulusOfElasticity>205000000</modulusOfElasticity>
          <poissonsRatio>0.3</poissonsRatio>
          <coefficientOfThermalExpansion>0.0000117</coefficientOfThermalExpansion>
          <minimumYieldStress>260000</minimumYieldStress>
          <minimumTensileStress>410000</minimumTensileStress>
		  <!-- Effective strength taken as 1.15*minimum strength	-->
          <effectiveYieldStress>299000</effectiveYieldStress>
          <effectiveTensileStress>471500</effectiveTensileStress>
          <strainAtHardening>0.025</strainAtHardening>
          <strainAtMaxStress>0.18</strainAtMaxStress>
          <strainAtRupture>0.29</strainAtRupture>
        </material>

        <material type="Steel" grade="Grade 250PL (12mm&lt;t&lt;=50mm)" name="AS/NZS3678-250PL(12mm&lt;t&lt;=50mm)">
          <weightDensity>76.9822</weightDensity>
          <massDensity>7.850</massDensity>
          <modulusOfElasticity>205000000</modulusOfElasticity>
          <poissonsRatio>0.3</poissonsRatio>
          <coefficientOfThermalExpansion>0.0000117</coefficientOfThermalExpansion>
          <minimumYieldStress>250000</minimumYieldStress>
          <minimumTensileStress>410000</minimumTensileStress>
		  <!-- Effective strength taken as 1.15*minimum strength	-->
          <effectiveYieldStress>287500</effectiveYieldStress>
          <effectiveTensileStress>471500</effectiveTensileStress>
          <strainAtHardening>0.025</strainAtHardening>
          <strainAtMaxStress>0.18</strainAtMaxStress>
          <strainAtRupture>0.29</strainAtRupture>
        </material>
	
	<!-- Grade 300PL -->	
	
        <material type="Steel" grade="Grade 300PL (t&lt;=8mm)" name="AS/NZS3678-300PL(t&lt;=8mm)">
          <weightDensity>76.9822</weightDensity>
          <massDensity>7.850</massDensity>
          <modulusOfElasticity>205000000</modulusOfElasticity>
          <poissonsRatio>0.3</poissonsRatio>
          <coefficientOfThermalExpansion>0.0000117</coefficientOfThermalExpansion>
          <minimumYieldStress>320000</minimumYieldStress>
          <minimumTensileStress>430000</minimumTensileStress>
		  <!-- Effective strength taken as 1.15*minimum strength	-->
          <effectiveYieldStress>368000</effectiveYieldStress>
          <effectiveTensileStress>494500</effectiveTensileStress>
          <strainAtHardening>0.025</strainAtHardening>
          <strainAtMaxStress>0.18</strainAtMaxStress>
          <strainAtRupture>0.29</strainAtRupture>
        </material>

		 <material type="Steel" grade="Grade 300PL (8mm&lt;t&lt;=12mm)" name="AS/NZS3678-300PL(8mm&lt;t&lt;=12mm)">
          <weightDensity>76.9822</weightDensity>
          <massDensity>7.850</massDensity>
          <modulusOfElasticity>205000000</modulusOfElasticity>
          <poissonsRatio>0.3</poissonsRatio>
          <coefficientOfThermalExpansion>0.0000117</coefficientOfThermalExpansion>
          <minimumYieldStress>310000</minimumYieldStress>
          <minimumTensileStress>430000</minimumTensileStress>
		  <!-- Effective strength taken as 1.15*minimum strength	-->
          <effectiveYieldStress>356500</effectiveYieldStress>
          <effectiveTensileStress>494500</effectiveTensileStress>
          <strainAtHardening>0.025</strainAtHardening>
          <strainAtMaxStress>0.18</strainAtMaxStress>
          <strainAtRupture>0.29</strainAtRupture>
        </material>

		<material type="Steel" grade="Grade 300PL (12mm&lt;t&lt;=20mm)" name="AS/NZS3678-300PL(12mm&lt;t&lt;=20mm)" isDefault="true">
          <weightDensity>76.9822</weightDensity>
          <massDensity>7.850</massDensity>
          <modulusOfElasticity>205000000</modulusOfElasticity>
          <poissonsRatio>0.3</poissonsRatio>
          <coefficientOfThermalExpansion>0.0000117</coefficientOfThermalExpansion>
          <minimumYieldStress>300000</minimumYieldStress>
          <minimumTensileStress>430000</minimumTensileStress>
		  <!-- Effective strength taken as 1.15*minimum strength	-->
          <effectiveYieldStress>345000</effectiveYieldStress>
          <effectiveTensileStress>494500</effectiveTensileStress>
          <strainAtHardening>0.025</strainAtHardening>
          <strainAtMaxStress>0.18</strainAtMaxStress>
          <strainAtRupture>0.29</strainAtRupture>
        </material>

		<material type="Steel" grade="Grade 300PL (20mm&lt;t&lt;=50mm)" name="AS/NZS3678-300PL(20mm&lt;t&lt;=50mm)">
          <weightDensity>76.9822</weightDensity>
          <massDensity>7.850</massDensity>
          <modulusOfElasticity>205000000</modulusOfElasticity>
          <poissonsRatio>0.3</poissonsRatio>
          <coefficientOfThermalExpansion>0.0000117</coefficientOfThermalExpansion>
          <minimumYieldStress>280000</minimumYieldStress>
          <minimumTensileStress>430000</minimumTensileStress>
		  <!-- Effective strength taken as 1.15*minimum strength	-->
          <effectiveYieldStress>322000</effectiveYieldStress>
          <effectiveTensileStress>494500</effectiveTensileStress>
          <strainAtHardening>0.025</strainAtHardening>
          <strainAtMaxStress>0.18</strainAtMaxStress>
          <strainAtRupture>0.29</strainAtRupture>
        </material>

	<!-- Grade 350PL -->		
		
        <material type="Steel" grade="Grade 350PL (t&lt;=12mm)" name="AS/NZS3678-350PL(t&lt;=12mm)">
          <weightDensity>76.9822</weightDensity>
          <massDensity>7.850</massDensity>
          <modulusOfElasticity>205000000</modulusOfElasticity>
          <poissonsRatio>0.3</poissonsRatio>
          <coefficientOfThermalExpansion>0.0000117</coefficientOfThermalExpansion>
          <minimumYieldStress>360000</minimumYieldStress>
          <minimumTensileStress>450000</minimumTensileStress>
		  <!-- Effective strength taken as 1.10*minimum strength	-->
          <effectiveYieldStress>396000</effectiveYieldStress>
          <effectiveTensileStress>495000</effectiveTensileStress>
          <strainAtHardening>0.025</strainAtHardening>
          <strainAtMaxStress>0.18</strainAtMaxStress>
          <strainAtRupture>0.29</strainAtRupture>
        </material>
	
        <material type="Steel" grade="Grade 350PL (12mm&lt;t&lt;=20mm)" name="AS/NZS3678-350PL(12mm&lt;t&lt;=20mm)">
          <weightDensity>76.9822</weightDensity>
          <massDensity>7.850</massDensity>
          <modulusOfElasticity>205000000</modulusOfElasticity>
          <poissonsRatio>0.3</poissonsRatio>
          <coefficientOfThermalExpansion>0.0000117</coefficientOfThermalExpansion>
          <minimumYieldStress>350000</minimumYieldStress>
          <minimumTensileStress>450000</minimumTensileStress>
		  <!-- Effective strength taken as 1.10*minimum strength	-->
          <effectiveYieldStress>385000</effectiveYieldStress>
          <effectiveTensileStress>495000</effectiveTensileStress>
          <strainAtHardening>0.025</strainAtHardening>
          <strainAtMaxStress>0.18</strainAtMaxStress>
          <strainAtRupture>0.29</strainAtRupture>
        </material>

        <material type="Steel" grade="Grade 350PL (20mm&lt;t&lt;=80mm)" name="AS/NZS3678-350PL(20mm&lt;t&lt;=80mm)">
          <weightDensity>76.9822</weightDensity>
          <massDensity>7.850</massDensity>
          <modulusOfElasticity>205000000</modulusOfElasticity>
          <poissonsRatio>0.3</poissonsRatio>
          <coefficientOfThermalExpansion>0.0000117</coefficientOfThermalExpansion>
          <minimumYieldStress>340000</minimumYieldStress>
          <minimumTensileStress>450000</minimumTensileStress>
		  <!-- Effective strength taken as 1.10*minimum strength	-->
          <effectiveYieldStress>374000</effectiveYieldStress>
          <effectiveTensileStress>495000</effectiveTensileStress>
          <strainAtHardening>0.025</strainAtHardening>
          <strainAtMaxStress>0.18</strainAtMaxStress>
          <strainAtRupture>0.29</strainAtRupture>
        </material>
		
		<!-- Grade 400PL -->		
		
        <material type="Steel" grade="Grade 400PL (t&lt;=12mm)" name="AS/NZS3678-400PL(t&lt;=12mm)">
          <weightDensity>76.9822</weightDensity>
          <massDensity>7.850</massDensity>
          <modulusOfElasticity>205000000</modulusOfElasticity>
          <poissonsRatio>0.3</poissonsRatio>
          <coefficientOfThermalExpansion>0.0000117</coefficientOfThermalExpansion>
          <minimumYieldStress>400000</minimumYieldStress>
          <minimumTensileStress>480000</minimumTensileStress>
		  <!-- Effective strength taken as 1.10*minimum strength	-->
          <effectiveYieldStress>440000</effectiveYieldStress>
          <effectiveTensileStress>528000</effectiveTensileStress>
          <strainAtHardening>0.025</strainAtHardening>
          <strainAtMaxStress>0.18</strainAtMaxStress>
          <strainAtRupture>0.29</strainAtRupture>
        </material>
	
        <material type="Steel" grade="Grade 400PL (12mm&lt;t&lt;=20mm)" name="AS/NZS3678-400PL(12mm&lt;t&lt;=20mm)">
          <weightDensity>76.9822</weightDensity>
          <massDensity>7.850</massDensity>
          <modulusOfElasticity>205000000</modulusOfElasticity>
          <poissonsRatio>0.3</poissonsRatio>
          <coefficientOfThermalExpansion>0.0000117</coefficientOfThermalExpansion>
          <minimumYieldStress>380000</minimumYieldStress>
          <minimumTensileStress>480000</minimumTensileStress>
		  <!-- Effective strength taken as 1.10*minimum strength	-->
          <effectiveYieldStress>418000</effectiveYieldStress>
          <effectiveTensileStress>528000</effectiveTensileStress>
          <strainAtHardening>0.025</strainAtHardening>
          <strainAtMaxStress>0.18</strainAtMaxStress>
          <strainAtRupture>0.29</strainAtRupture>
        </material>

        <material type="Steel" grade="Grade 400PL (20mm&lt;t&lt;=80mm)" name="AS/NZS3678-400PL(20mm&lt;t&lt;=80mm)">
          <weightDensity>76.9822</weightDensity>
          <massDensity>7.850</massDensity>
          <modulusOfElasticity>205000000</modulusOfElasticity>
          <poissonsRatio>0.3</poissonsRatio>
          <coefficientOfThermalExpansion>0.0000117</coefficientOfThermalExpansion>
          <minimumYieldStress>360000</minimumYieldStress>
          <minimumTensileStress>480000</minimumTensileStress>
		  <!-- Effective strength taken as 1.10*minimum strength	-->
          <effectiveYieldStress>396000</effectiveYieldStress>
          <effectiveTensileStress>528000</effectiveTensileStress>
          <strainAtHardening>0.025</strainAtHardening>
          <strainAtMaxStress>0.18</strainAtMaxStress>
          <strainAtRupture>0.29</strainAtRupture>
        </material>

        <material type="Steel" grade="Grade 450PL (t&lt;=20mm)" name="AS/NZS3678-450PL(t&lt;=20mm)">
          <weightDensity>76.9822</weightDensity>
          <massDensity>7.850</massDensity>
          <modulusOfElasticity>205000000</modulusOfElasticity>
          <poissonsRatio>0.3</poissonsRatio>
          <coefficientOfThermalExpansion>0.0000117</coefficientOfThermalExpansion>
          <minimumYieldStress>450000</minimumYieldStress>
          <minimumTensileStress>520000</minimumTensileStress>
		  <!-- Effective strength taken as 1.10*minimum strength	-->
          <effectiveYieldStress>495000</effectiveYieldStress>
          <effectiveTensileStress>572000</effectiveTensileStress>
          <strainAtHardening>0.025</strainAtHardening>
          <strainAtMaxStress>0.18</strainAtMaxStress>
          <strainAtRupture>0.29</strainAtRupture>
        </material>
		
        <material type="Steel" grade="Grade 450PL (20mm&lt;t&lt;=32mm)" name="AS/NZS3678-450PL(20mm&lt;t&lt;=32mm)">
          <weightDensity>76.9822</weightDensity>
          <massDensity>7.850</massDensity>
          <modulusOfElasticity>205000000</modulusOfElasticity>
          <poissonsRatio>0.3</poissonsRatio>
          <coefficientOfThermalExpansion>0.0000117</coefficientOfThermalExpansion>
          <minimumYieldStress>420000</minimumYieldStress>
          <minimumTensileStress>500000</minimumTensileStress>
		  <!-- Effective strength taken as 1.10*minimum strength	-->
          <effectiveYieldStress>462000</effectiveYieldStress>
          <effectiveTensileStress>550000</effectiveTensileStress>
          <strainAtHardening>0.025</strainAtHardening>
          <strainAtMaxStress>0.18</strainAtMaxStress>
          <strainAtRupture>0.29</strainAtRupture>
        </material>

        <material type="Steel" grade="Grade 450PL (32mm&lt;t&lt;=50mm)" name="AS/NZS3678-450PL(32mm&lt;t&lt;=50mm)">
          <weightDensity>76.9822</weightDensity>
          <massDensity>7.850</massDensity>
          <modulusOfElasticity>205000000</modulusOfElasticity>
          <poissonsRatio>0.3</poissonsRatio>
          <coefficientOfThermalExpansion>0.0000117</coefficientOfThermalExpansion>
          <minimumYieldStress>400000</minimumYieldStress>
          <minimumTensileStress>500000</minimumTensileStress>
		  <!-- Effective strength taken as 1.10*minimum strength	-->
          <effectiveYieldStress>440000</effectiveYieldStress>
          <effectiveTensileStress>550000</effectiveTensileStress>
          <strainAtHardening>0.025</strainAtHardening>
          <strainAtMaxStress>0.18</strainAtMaxStress>
          <strainAtRupture>0.29</strainAtRupture>
        </material>
		
	  </standard>
	
      <standard name="AS 3679.1:2016" isDefaultSteel="true">		
	
	  <!-- Grade 300 -->
			
        <material type="Steel" grade="Grade 300 (t&lt;11mm)" name="AS3679.1-300(t&lt;11mm)">
          <weightDensity>76.9822</weightDensity>
          <massDensity>7.850</massDensity>
          <modulusOfElasticity>205000000</modulusOfElasticity>
          <poissonsRatio>0.3</poissonsRatio>
          <coefficientOfThermalExpansion>0.0000117</coefficientOfThermalExpansion>
          <minimumYieldStress>320000</minimumYieldStress>
          <minimumTensileStress>440000</minimumTensileStress>
		  <!-- Effective strength taken as 1.15*minimum strength	-->
          <effectiveYieldStress>368000</effectiveYieldStress>
          <effectiveTensileStress>506000</effectiveTensileStress>
          <strainAtHardening>0.025</strainAtHardening>
          <strainAtMaxStress>0.18</strainAtMaxStress>
          <strainAtRupture>0.29</strainAtRupture>
        </material>

        <material type="Steel" grade="Grade 300 (11mm&lt;=t&lt;=17mm)" name="AS3679.1-300(11mm&lt;=t&lt;=17mm)" isDefault="true">
          <weightDensity>76.9822</weightDensity>
          <massDensity>7.850</massDensity>
          <modulusOfElasticity>205000000</modulusOfElasticity>
          <poissonsRatio>0.3</poissonsRatio>
          <coefficientOfThermalExpansion>0.0000117</coefficientOfThermalExpansion>
          <minimumYieldStress>300000</minimumYieldStress>
          <minimumTensileStress>440000</minimumTensileStress>
		  <!-- Effective strength taken as 1.15*minimum strength	-->
          <effectiveYieldStress>345000</effectiveYieldStress>
          <effectiveTensileStress>506000</effectiveTensileStress>
          <strainAtHardening>0.025</strainAtHardening>
          <strainAtMaxStress>0.18</strainAtMaxStress>
          <strainAtRupture>0.29</strainAtRupture>
        </material>

        <material type="Steel" grade="Grade 300 (17mm&lt;t)" name="AS3679.1-300(17mm&lt;t)">
          <weightDensity>76.9822</weightDensity>
          <massDensity>7.850</massDensity>
          <modulusOfElasticity>205000000</modulusOfElasticity>
          <poissonsRatio>0.3</poissonsRatio>
          <coefficientOfThermalExpansion>0.0000117</coefficientOfThermalExpansion>
          <minimumYieldStress>280000</minimumYieldStress>
          <minimumTensileStress>440000</minimumTensileStress>
		  <!-- Effective strength taken as 1.15*minimum strength	-->
          <effectiveYieldStress>322000</effectiveYieldStress>
          <effectiveTensileStress>506000</effectiveTensileStress>
          <strainAtHardening>0.025</strainAtHardening>
          <strainAtMaxStress>0.18</strainAtMaxStress>
          <strainAtRupture>0.29</strainAtRupture>
        </material>
		
	  <!-- Grade 350 -->
			
        <material type="Steel" grade="Grade 350 (t&lt;11mm)" name="AS3679.1-350(t&lt;11mm)">
          <weightDensity>76.9822</weightDensity>
          <massDensity>7.850</massDensity>
          <modulusOfElasticity>205000000</modulusOfElasticity>
          <poissonsRatio>0.3</poissonsRatio>
          <coefficientOfThermalExpansion>0.0000117</coefficientOfThermalExpansion>
          <minimumYieldStress>360000</minimumYieldStress>
          <minimumTensileStress>480000</minimumTensileStress>
		  <!-- Effective strength taken as 1.10*minimum strength	-->
          <effectiveYieldStress>396000</effectiveYieldStress>
          <effectiveTensileStress>528000</effectiveTensileStress>
          <strainAtHardening>0.025</strainAtHardening>
          <strainAtMaxStress>0.18</strainAtMaxStress>
          <strainAtRupture>0.29</strainAtRupture>
        </material>

        <material type="Steel" grade="Grade 350 (11mm&lt;=t&lt;=40mm)" name="AS3679.1-350(11mm&lt;=t&lt;40mm)">
          <weightDensity>76.9822</weightDensity>
          <massDensity>7.850</massDensity>
          <modulusOfElasticity>205000000</modulusOfElasticity>
          <poissonsRatio>0.3</poissonsRatio>
          <coefficientOfThermalExpansion>0.0000117</coefficientOfThermalExpansion>
          <minimumYieldStress>340000</minimumYieldStress>
          <minimumTensileStress>480000</minimumTensileStress>
		  <!-- Effective strength taken as 1.10*minimum strength	-->
          <effectiveYieldStress>374000</effectiveYieldStress>
          <effectiveTensileStress>528000</effectiveTensileStress>
          <strainAtHardening>0.025</strainAtHardening>
          <strainAtMaxStress>0.18</strainAtMaxStress>
          <strainAtRupture>0.29</strainAtRupture>
        </material>

        <material type="Steel" grade="Grade 350 (40mm&lt;t)" name="AS3679.1-350(40mm&lt;=t)">
          <weightDensity>76.9822</weightDensity>
          <massDensity>7.850</massDensity>
          <modulusOfElasticity>205000000</modulusOfElasticity>
          <poissonsRatio>0.3</poissonsRatio>
          <coefficientOfThermalExpansion>0.0000117</coefficientOfThermalExpansion>
          <minimumYieldStress>330000</minimumYieldStress>
          <minimumTensileStress>480000</minimumTensileStress>
		  <!-- Effective strength taken as 1.10*minimum strength	-->
          <effectiveYieldStress>363000</effectiveYieldStress>
          <effectiveTensileStress>528000</effectiveTensileStress>
          <strainAtHardening>0.025</strainAtHardening>
          <strainAtMaxStress>0.18</strainAtMaxStress>
          <strainAtRupture>0.29</strainAtRupture>
        </material>
		
	  </standard>	
		
	
<!-- CONCRETE MATERIALS  -->
		
      <standard name="NZS 3101:2006">

        <material type="concrete" grade="f'c 20MPa" name="NZS3101-20MPa">
          <weightDensity>24</weightDensity>
          <massDensity>2.447</massDensity>
          <modulusOfElasticity>21019039</modulusOfElasticity>
          <poissonsRatio>0.2</poissonsRatio>
          <coefficientOfThermalExpansion>0.00001</coefficientOfThermalExpansion>
          <compressiveStrength>20000</compressiveStrength>
		  <!-- Mean strength taken as f'c+10MPa in accordance with NZS 3101:2006 Cl. 5.2.3(c)	-->
		  <expectedCompressiveStrength>30000</expectedCompressiveStrength>  
          <strainAtfc>0.002</strainAtfc>
          <strainAtUltimate>0.004</strainAtUltimate>
          <isLightWeight>false</isLightWeight>
          <shearStrengthReductionFactor>1</shearStrengthReductionFactor>
        </material>
		
        <material type="concrete" grade="f'c 25MPa" name="NZS3101-25MPa">
          <weightDensity>24</weightDensity>
          <massDensity>2.447</massDensity>
          <modulusOfElasticity>23500000</modulusOfElasticity>
          <poissonsRatio>0.2</poissonsRatio>
          <coefficientOfThermalExpansion>0.00001</coefficientOfThermalExpansion>
          <compressiveStrength>25000</compressiveStrength>
		  <!-- Mean strength taken as f'c+10MPa in accordance with NZS 3101:2006 Cl. 5.2.3(c)	-->
		  <expectedCompressiveStrength>35000</expectedCompressiveStrength>  
		  <strainAtfc>0.002</strainAtfc>
          <strainAtUltimate>0.004</strainAtUltimate>
          <isLightWeight>false</isLightWeight>
          <shearStrengthReductionFactor>1</shearStrengthReductionFactor>
        </material>      
		
        <material type="concrete" grade="f'c 30MPa" name="NZS3101-30MPa">
          <weightDensity>24</weightDensity>
          <massDensity>2.447</massDensity>
          <modulusOfElasticity>25742960</modulusOfElasticity>
          <poissonsRatio>0.2</poissonsRatio>
          <coefficientOfThermalExpansion>0.00001</coefficientOfThermalExpansion>
          <compressiveStrength>30000</compressiveStrength>
		  <!-- Mean strength taken as f'c+10MPa in accordance with NZS 3101:2006 Cl. 5.2.3(c)	-->
 		  <expectedCompressiveStrength>40000</expectedCompressiveStrength>  
          <strainAtfc>0.002</strainAtfc>
          <strainAtUltimate>0.004</strainAtUltimate>
          <isLightWeight>false</isLightWeight>
          <shearStrengthReductionFactor>1</shearStrengthReductionFactor>
        </material>
		
        <material type="concrete" grade="f'c 35MPa" name="NZS3101-35MPa">
          <weightDensity>24</weightDensity>
          <massDensity>2.447</massDensity>
          <modulusOfElasticity>27805575</modulusOfElasticity>
          <poissonsRatio>0.2</poissonsRatio>
          <coefficientOfThermalExpansion>0.00001</coefficientOfThermalExpansion>
          <compressiveStrength>35000</compressiveStrength>
		  <!-- Mean strength taken as f'c+10MPa in accordance with NZS 3101:2006 Cl. 5.2.3(c)	-->
 		  <expectedCompressiveStrength>45000</expectedCompressiveStrength>  		  
          <strainAtfc>0.002</strainAtfc>
          <strainAtUltimate>0.004</strainAtUltimate>
          <isLightWeight>false</isLightWeight>
          <shearStrengthReductionFactor>1</shearStrengthReductionFactor>
        </material>
		
        <material type="concrete" grade="f'c 40MPa" name="NZS3101-40MPa" isDefault="true">
          <weightDensity>24</weightDensity>
          <massDensity>2.447</massDensity>
          <modulusOfElasticity>29725410</modulusOfElasticity>
          <poissonsRatio>0.2</poissonsRatio>
          <coefficientOfThermalExpansion>0.00001</coefficientOfThermalExpansion>
          <compressiveStrength>40000</compressiveStrength>
		  <!-- Mean strength taken as f'c+10MPa in accordance with NZS 3101:2006 Cl. 5.2.3(c)	-->
 		  <expectedCompressiveStrength>50000</expectedCompressiveStrength>  
          <strainAtfc>0.002</strainAtfc>
          <strainAtUltimate>0.004</strainAtUltimate>
          <isLightWeight>false</isLightWeight>
          <shearStrengthReductionFactor>1</shearStrengthReductionFactor>
        </material>
		
        <material type="concrete" grade="f'c 45MPa" name="NZS3101-45MPa">
          <weightDensity>24</weightDensity>
          <massDensity>2.447</massDensity>
          <modulusOfElasticity>31528558</modulusOfElasticity>
          <poissonsRatio>0.2</poissonsRatio>
          <coefficientOfThermalExpansion>0.00001</coefficientOfThermalExpansion>
          <compressiveStrength>45000</compressiveStrength>
		  <!-- Mean strength taken as f'c+10MPa in accordance with NZS 3101:2006 Cl. 5.2.3(c)	-->
 		  <expectedCompressiveStrength>55000</expectedCompressiveStrength>	 	  
          <strainAtfc>0.002</strainAtfc>
          <strainAtUltimate>0.004</strainAtUltimate>
          <isLightWeight>false</isLightWeight>
          <shearStrengthReductionFactor>1</shearStrengthReductionFactor>
        </material>
		
        <material type="concrete" grade="f'c 50MPa" name="NZS3101-50MPa">
          <weightDensity>24</weightDensity>
          <massDensity>2.447</massDensity>
          <modulusOfElasticity>33234019</modulusOfElasticity>
          <poissonsRatio>0.2</poissonsRatio>
          <coefficientOfThermalExpansion>0.00001</coefficientOfThermalExpansion>
          <compressiveStrength>50000</compressiveStrength>
		  <!-- Mean strength taken as f'c+10MPa in accordance with NZS 3101:2006 Cl. 5.2.3(c)	-->
 		  <expectedCompressiveStrength>60000</expectedCompressiveStrength>  		  
          <strainAtfc>0.002</strainAtfc>
          <strainAtUltimate>0.004</strainAtUltimate>
          <isLightWeight>false</isLightWeight>
          <shearStrengthReductionFactor>1</shearStrengthReductionFactor>
        </material>
		
        <material type="concrete" grade="f'c 55MPa" name="NZS3101-55MPa">
          <weightDensity>24</weightDensity>
          <massDensity>2.447</massDensity>
          <modulusOfElasticity>34856133</modulusOfElasticity>
          <poissonsRatio>0.2</poissonsRatio>
          <coefficientOfThermalExpansion>0.00001</coefficientOfThermalExpansion>
          <compressiveStrength>55000</compressiveStrength>
		  <!-- Mean strength taken as f'c+10MPa in accordance with NZS 3101:2006 Cl. 5.2.3(c)	-->
 		  <expectedCompressiveStrength>65000</expectedCompressiveStrength>  		  
          <strainAtfc>0.002</strainAtfc>
          <strainAtUltimate>0.004</strainAtUltimate>
          <isLightWeight>false</isLightWeight>
          <shearStrengthReductionFactor>1</shearStrengthReductionFactor>
        </material>
		
      </standard>
	  

<!-- MASONRY MATERIALS  -->

      <standard name="NZS 4230:2004">

		<!-- Single skin block density 2200 kg/m3  -->
		
        <material type="masonry" grade="Grade C (f'm 4MPa) - Light" name="NZS4230-C(4MPa)-L">
          <weightDensity>18.5</weightDensity>
          <massDensity>1.886</massDensity> 
		  <!--  mass/weight density determined with reference to NZS4229:1998 assuming all cores filled with grout  -->
          <modulusOfElasticity>15000000</modulusOfElasticity>
          <poissonsRatio>0.2</poissonsRatio>
          <coefficientOfThermalExpansion>0.00001</coefficientOfThermalExpansion>
          <compressiveStrength>4000</compressiveStrength>
          <strainAtfc>0.002</strainAtfc>
          <strainAtUltimate>0.004</strainAtUltimate>
        </material>
	  
	    <material type="masonry" grade="Grade B (f'm 12MPa) - Light" name="NZS4230-B(12MPa)-L">
          <weightDensity>18.5</weightDensity>
          <massDensity>1.886</massDensity> 
		  <!--  mass/weight density determined with reference to NZS4229:1998 assuming all cores filled with grout  -->
          <modulusOfElasticity>15000000</modulusOfElasticity>
          <poissonsRatio>0.2</poissonsRatio>
          <coefficientOfThermalExpansion>0.00001</coefficientOfThermalExpansion>
          <compressiveStrength>12000</compressiveStrength>
          <strainAtfc>0.002</strainAtfc>
          <strainAtUltimate>0.004</strainAtUltimate>
        </material>
		
		<!-- Single skin block density 2200 kg/m3  -->
		
        <material type="masonry" grade="Grade C (f'm 4MPa) - Heavy" name="NZS4230-C(4MPa)-H">
          <weightDensity>20.5</weightDensity>
          <massDensity>2.090</massDensity> 
		  <!--  mass/weight density determined with reference to NZS4229:1998 assuming all cores filled with grout  -->
          <modulusOfElasticity>15000000</modulusOfElasticity>
          <poissonsRatio>0.2</poissonsRatio>
          <coefficientOfThermalExpansion>0.00001</coefficientOfThermalExpansion>
          <compressiveStrength>4000</compressiveStrength>
          <strainAtfc>0.002</strainAtfc>
          <strainAtUltimate>0.004</strainAtUltimate>
        </material>
	  
	    <material type="masonry" grade="Grade B (f'm 12MPa) - Heavy" name="NZS4230-B(12MPa)-H">
          <weightDensity>20.5</weightDensity>
          <massDensity>2.090</massDensity> 
		  <!--  mass/weight density determined with reference to NZS4229:1998 assuming all cores filled with grout  -->
          <modulusOfElasticity>15000000</modulusOfElasticity>
          <poissonsRatio>0.2</poissonsRatio>
          <coefficientOfThermalExpansion>0.00001</coefficientOfThermalExpansion>
          <compressiveStrength>12000</compressiveStrength>
          <strainAtfc>0.002</strainAtfc>
          <strainAtUltimate>0.004</strainAtUltimate>
        </material>		
		
	  </standard>
	  
	  
<!-- ALUMINIUM MATERIALS  -->	  
	  
	  <standard name="AS/NZS 1664.1:1997">
	
		<material type="Aluminum" grade="Alloy 6061-T6" name="AS/NZS1664.1-6061-T6" isDefault="true">
          <weightDensity>26.6018</weightDensity>
          <massDensity>2.715</massDensity>
          <modulusOfElasticity>70000000</modulusOfElasticity>
          <poissonsRatio>0.33</poissonsRatio>
          <coefficientOfThermalExpansion>0.00002358</coefficientOfThermalExpansion>
          <compressiveYieldStrength>241000</compressiveYieldStrength>
          <tensileYieldStrength>241000</tensileYieldStrength>
          <tensileUltimateStrength>290000</tensileUltimateStrength>
          <shearUltimateStrength>186000</shearUltimateStrength>
          <aluminumType>1</aluminumType>
          <aluminumAlloy>6061</aluminumAlloy>
          <temperDesignationAlpha>T</temperDesignationAlpha>
          <temperDesignationNumeric>6</temperDesignationNumeric>
        </material>
		
	  </standard>
	
	  
<!--  COLD-FORMED STEEL MATERIALS  -->

      <standard name="AS 1397:2001" isDefaultColdformed="true">

        <material type="coldformed" grade="Grade G250" name="AS1397-G250">
          <weightDensity>76.9822</weightDensity>
          <massDensity>7.850</massDensity>
          <modulusOfElasticity>205000000</modulusOfElasticity>
          <poissonsRatio>0.3</poissonsRatio>
          <coefficientOfThermalExpansion>0.0000117</coefficientOfThermalExpansion>
          <minimumYieldStress>250000</minimumYieldStress>
          <minimumTensileStress>320000</minimumTensileStress>
        </material>

        <material type="coldformed" grade="Grade G300" name="AS1397-G300">
          <weightDensity>76.9822</weightDensity>
          <massDensity>7.850</massDensity>
          <modulusOfElasticity>205000000</modulusOfElasticity>
          <poissonsRatio>0.3</poissonsRatio>
          <coefficientOfThermalExpansion>0.0000117</coefficientOfThermalExpansion>
          <minimumYieldStress>300000</minimumYieldStress>
          <minimumTensileStress>340000</minimumTensileStress>
        </material>
      
	    <material type="coldformed" grade="Grade G350" name="AS1397-G350" isDefault="true">
          <weightDensity>76.9822</weightDensity>
          <massDensity>7.850</massDensity>
          <modulusOfElasticity>205000000</modulusOfElasticity>
          <poissonsRatio>0.3</poissonsRatio>
          <coefficientOfThermalExpansion>0.0000117</coefficientOfThermalExpansion>
          <minimumYieldStress>350000</minimumYieldStress>
          <minimumTensileStress>420000</minimumTensileStress>
        </material>  
	  
	 	<material type="coldformed" grade="Grade G450" name="AS1397-G450">
          <weightDensity>76.9822</weightDensity>
          <massDensity>7.850</massDensity>
          <modulusOfElasticity>205000000</modulusOfElasticity>
          <poissonsRatio>0.3</poissonsRatio>
          <coefficientOfThermalExpansion>0.0000117</coefficientOfThermalExpansion>
          <minimumYieldStress>450000</minimumYieldStress>
          <minimumTensileStress>480000</minimumTensileStress>
        </material>  
		
		<material type="coldformed" grade="Grade G500" name="AS1397-G500">
          <weightDensity>76.9822</weightDensity>
          <massDensity>7.850</massDensity>
          <modulusOfElasticity>205000000</modulusOfElasticity>
          <poissonsRatio>0.3</poissonsRatio>
          <coefficientOfThermalExpansion>0.0000117</coefficientOfThermalExpansion>
          <minimumYieldStress>500000</minimumYieldStress>
          <minimumTensileStress>520000</minimumTensileStress>
        </material>  
		
		<material type="coldformed" grade="Grade G500 (t&lt;0.6mm)" name="AS1397-G550(t&lt;0.6mm)">
          <weightDensity>76.9822</weightDensity>
          <massDensity>7.850</massDensity>
          <modulusOfElasticity>205000000</modulusOfElasticity>
          <poissonsRatio>0.3</poissonsRatio>
          <coefficientOfThermalExpansion>0.0000117</coefficientOfThermalExpansion>
          <minimumYieldStress>413000</minimumYieldStress>
          <minimumTensileStress>413000</minimumTensileStress>
        </material>  
		
		<material type="coldformed" grade="Grade G500 (0.6mm&lt;=t&lt;0.9mm)" name="AS1397-G550(0.6mm&lt;=t&lt;0.9mm)">
          <weightDensity>76.9822</weightDensity>
          <massDensity>7.850</massDensity>
          <modulusOfElasticity>205000000</modulusOfElasticity>
          <poissonsRatio>0.3</poissonsRatio>
          <coefficientOfThermalExpansion>0.0000117</coefficientOfThermalExpansion>
          <minimumYieldStress>495000</minimumYieldStress>
          <minimumTensileStress>495000</minimumTensileStress>
        </material>  
		
		<material type="coldformed" grade="Grade G500 (0.9mm&lt;=t)" name="AS1397-G550(0.9mm&lt;=t)">
          <weightDensity>76.9822</weightDensity>
          <massDensity>7.850</massDensity>
          <modulusOfElasticity>205000000</modulusOfElasticity>
          <poissonsRatio>0.3</poissonsRatio>
          <coefficientOfThermalExpansion>0.0000117</coefficientOfThermalExpansion>
          <minimumYieldStress>495000</minimumYieldStress>
          <minimumTensileStress>495000</minimumTensileStress>
        </material>  	
	
	  </standard>
	  
      <standard name="AS/NZS 1594:2002">

        <material type="coldformed" grade="Grade HA200" name="AS/NZS1594-HA200">
          <weightDensity>76.9822</weightDensity>
          <massDensity>7.850</massDensity>
          <modulusOfElasticity>205000000</modulusOfElasticity>
          <poissonsRatio>0.3</poissonsRatio>
          <coefficientOfThermalExpansion>0.0000117</coefficientOfThermalExpansion>
          <minimumYieldStress>200000</minimumYieldStress>
          <minimumTensileStress>300000</minimumTensileStress>
        </material>	  

       <material type="coldformed" grade="Grade HA250" name="AS/NZS1594-HA250">
          <weightDensity>76.9822</weightDensity>
          <massDensity>7.850</massDensity>
          <modulusOfElasticity>205000000</modulusOfElasticity>
          <poissonsRatio>0.3</poissonsRatio>
          <coefficientOfThermalExpansion>0.0000117</coefficientOfThermalExpansion>
          <minimumYieldStress>250000</minimumYieldStress>
          <minimumTensileStress>350000</minimumTensileStress>
        </material>	  
		
		<material type="coldformed" grade="Grade HA300" name="AS/NZS1594-HA300">
          <weightDensity>76.9822</weightDensity>
          <massDensity>7.850</massDensity>
          <modulusOfElasticity>205000000</modulusOfElasticity>
          <poissonsRatio>0.3</poissonsRatio>
          <coefficientOfThermalExpansion>0.0000117</coefficientOfThermalExpansion>
          <minimumYieldStress>300000</minimumYieldStress>
          <minimumTensileStress>400000</minimumTensileStress>
        </material>	  

		<material type="coldformed" grade="Grade HA350" name="AS/NZS1594-HA350" isDefault="true">
          <weightDensity>76.9822</weightDensity>
          <massDensity>7.850</massDensity>
          <modulusOfElasticity>205000000</modulusOfElasticity>
          <poissonsRatio>0.3</poissonsRatio>
          <coefficientOfThermalExpansion>0.0000117</coefficientOfThermalExpansion>
          <minimumYieldStress>350000</minimumYieldStress>
          <minimumTensileStress>430000</minimumTensileStress>
        </material>	  
		
		<material type="coldformed" grade="Grade HW350" name="AS/NZS1594-HW350">
          <weightDensity>76.9822</weightDensity>
          <massDensity>7.850</massDensity>
          <modulusOfElasticity>205000000</modulusOfElasticity>
          <poissonsRatio>0.3</poissonsRatio>
          <coefficientOfThermalExpansion>0.0000117</coefficientOfThermalExpansion>
          <minimumYieldStress>340000</minimumYieldStress>
          <minimumTensileStress>450000</minimumTensileStress>
        </material>	  
		
		<material type="coldformed" grade="Grade HA400" name="AS/NZS1594-HA400">
          <weightDensity>76.9822</weightDensity>
          <massDensity>7.850</massDensity>
          <modulusOfElasticity>205000000</modulusOfElasticity>
          <poissonsRatio>0.3</poissonsRatio>
          <coefficientOfThermalExpansion>0.0000117</coefficientOfThermalExpansion>
          <minimumYieldStress>380000</minimumYieldStress>
          <minimumTensileStress>460000</minimumTensileStress>
        </material>	  
		
	</standard>		
	
      <standard name="AS/NZS 1595:1998">	
		
		<material type="coldformed" grade="Grade CA220" name="AS/NZS1595-CA220">
          <weightDensity>76.9822</weightDensity>
          <massDensity>7.850</massDensity>
          <modulusOfElasticity>205000000</modulusOfElasticity>
          <poissonsRatio>0.3</poissonsRatio>
          <coefficientOfThermalExpansion>0.0000117</coefficientOfThermalExpansion>
          <minimumYieldStress>210000</minimumYieldStress>
          <minimumTensileStress>340000</minimumTensileStress>
        </material>	 
		
		<material type="coldformed" grade="Grade CA260" name="AS/NZS1595-CA260">
          <weightDensity>76.9822</weightDensity>
          <massDensity>7.850</massDensity>
          <modulusOfElasticity>205000000</modulusOfElasticity>
          <poissonsRatio>0.3</poissonsRatio>
          <coefficientOfThermalExpansion>0.0000117</coefficientOfThermalExpansion>
          <minimumYieldStress>250000</minimumYieldStress>
          <minimumTensileStress>350000</minimumTensileStress>
        </material>	  	
	
		<material type="coldformed" grade="Grade CW300" name="AS/NZS1595-CW300">
          <weightDensity>76.9822</weightDensity>
          <massDensity>7.850</massDensity>
          <modulusOfElasticity>205000000</modulusOfElasticity>
          <poissonsRatio>0.3</poissonsRatio>
          <coefficientOfThermalExpansion>0.0000117</coefficientOfThermalExpansion>
          <minimumYieldStress>300000</minimumYieldStress>
          <minimumTensileStress>450000</minimumTensileStress>
        </material>	  	
		
		<material type="coldformed" grade="Grade CA350" name="AS/NZS1595-CA350" isDefault="true">
          <weightDensity>76.9822</weightDensity>
          <massDensity>7.850</massDensity>
          <modulusOfElasticity>205000000</modulusOfElasticity>
          <poissonsRatio>0.3</poissonsRatio>
          <coefficientOfThermalExpansion>0.0000117</coefficientOfThermalExpansion>
          <minimumYieldStress>350000</minimumYieldStress>
          <minimumTensileStress>430000</minimumTensileStress>
        </material>	  	
		
		<material type="coldformed" grade="Grade CA500" name="AS/NZS1595-CA500">
          <weightDensity>76.9822</weightDensity>
          <massDensity>7.850</massDensity>
          <modulusOfElasticity>205000000</modulusOfElasticity>
          <poissonsRatio>0.3</poissonsRatio>
          <coefficientOfThermalExpansion>0.0000117</coefficientOfThermalExpansion>
          <minimumYieldStress>500000</minimumYieldStress>
          <minimumTensileStress>510000</minimumTensileStress>
        </material>	  	

	  </standard>	

<!--  REBAR MATERIALS  -->
		
      <standard name="AS/NZS 4671:2001">
	
	<!-- Grade 300 -->	
	
        <material type="rebar" grade="Grade 300E" name="AS/NZS4671-G300E" isDefault="true">
          <weightDensity>76.9822</weightDensity>
          <massDensity>7.850</massDensity>
          <modulusOfElasticity>205000000</modulusOfElasticity>
          <poissonsRatio>0.3</poissonsRatio>
          <coefficientOfThermalExpansion>0.000012</coefficientOfThermalExpansion>
          <minimumYieldStress>300000</minimumYieldStress>
          <minimumTensileStress>420000</minimumTensileStress>
          <expectedYieldStress>320000</expectedYieldStress>
          <expectedTensileStress>455000</expectedTensileStress>
          <strainAtHardening>0.02</strainAtHardening>
          <strainAtUltimate>0.15</strainAtUltimate>
        </material>

	<!-- Grade 500 -->
	
        <material type="rebar" grade="Grade 500E" name="AS/NZS4671-G500E">
          <weightDensity>76.9822</weightDensity>
          <massDensity>7.850</massDensity>
          <modulusOfElasticity>205000000</modulusOfElasticity>
          <poissonsRatio>0.3</poissonsRatio>
          <coefficientOfThermalExpansion>0.000012</coefficientOfThermalExpansion>
          <minimumYieldStress>500000</minimumYieldStress>
          <minimumTensileStress>650000</minimumTensileStress>
          <expectedYieldStress>545000</expectedYieldStress>
          <expectedTensileStress>685000</expectedTensileStress>
          <strainAtHardening>0.015</strainAtHardening>
          <strainAtUltimate>0.1</strainAtUltimate>
        </material>
		
      </standard>

	
<!--  TENDON MATERIALS  -->

	  <standard name="AS/NZS 4672.1:2007">
	
	  <!-- Strand -->	
	
	  <!-- 7 wire ordinary -->	
	
		<material type="tendon" grade="7 wire ordinary-9.5-1850" name="AS/NZS4672.1-7 wire ordinary-9.5-1850">
          <weightDensity>76.9822</weightDensity>
          <massDensity>7.850</massDensity>
          <modulusOfElasticity>195000000</modulusOfElasticity>
          <poissonsRatio>0</poissonsRatio>
          <coefficientOfThermalExpansion>0.000012</coefficientOfThermalExpansion>
          <minimumYieldStress>1572500</minimumYieldStress>
          <!-- yield stress taken as 0.85fpu per Section 5.4, NZS3101:2006(A3) -->
          <minimumTensileStress>1850000</minimumTensileStress>
        </material>
	
		<material type="tendon" grade="7 wire ordinary-12.7-1870" name="AS/NZS4672.1-7 wire ordinary-12.7-1870" isDefault="true">
          <weightDensity>76.9822</weightDensity>
          <massDensity>7.850</massDensity>
          <modulusOfElasticity>195000000</modulusOfElasticity>
          <poissonsRatio>0</poissonsRatio>
          <coefficientOfThermalExpansion>0.000012</coefficientOfThermalExpansion>
          <minimumYieldStress>1589500</minimumYieldStress>
          <!-- yield stress taken as 0.85fpu per Section 5.4, NZS3101:2006(A3) -->
          <minimumTensileStress>1870000</minimumTensileStress>
        </material>
		
		<material type="tendon" grade="7 wire ordinary-15.2-1750" name="AS/NZS4672.1-7 wire ordinary-15.2-1750">
          <weightDensity>76.9822</weightDensity>
          <massDensity>7.850</massDensity>
          <modulusOfElasticity>195000000</modulusOfElasticity>
          <poissonsRatio>0</poissonsRatio>
          <coefficientOfThermalExpansion>0.000012</coefficientOfThermalExpansion>
          <minimumYieldStress>1487500</minimumYieldStress>
          <!-- yield stress taken as 0.85fpu per Section 5.4, NZS3101:2006(A3) -->
          <minimumTensileStress>1750000</minimumTensileStress>
        </material>

		<material type="tendon" grade="7 wire ordinary-15.2-1830" name="AS/NZS4672.1-7 wire ordinary-15.2-1830">
          <weightDensity>76.9822</weightDensity>
          <massDensity>7.850</massDensity>
          <modulusOfElasticity>195000000</modulusOfElasticity>
          <poissonsRatio>0</poissonsRatio>
          <coefficientOfThermalExpansion>0.000012</coefficientOfThermalExpansion>
          <minimumYieldStress>1555500</minimumYieldStress>
          <!-- yield stress taken as 0.85fpu per Section 5.4, NZS3101:2006(A3) -->
          <minimumTensileStress>1830000</minimumTensileStress>
        </material>		
		
	<!-- 7 wire compacted -->	
		
		<material type="tendon" grade="7 wire compacted-15.2-1820" name="AS/NZS4672.1-7 wire compacted-15.2-1820">
          <weightDensity>76.9822</weightDensity>
          <massDensity>7.850</massDensity>
          <modulusOfElasticity>195000000</modulusOfElasticity>
          <poissonsRatio>0</poissonsRatio>
          <coefficientOfThermalExpansion>0.000012</coefficientOfThermalExpansion>
          <minimumYieldStress>1547000</minimumYieldStress>
          <!-- yield stress taken as 0.85fpu per Section 5.4, NZS3101:2006(A3) -->
          <minimumTensileStress>1820000</minimumTensileStress>
        </material>		
		
		<material type="tendon" grade="7 wire compacted-18.0-1700" name="AS/NZS4672.1-7 wire compacted-18.0-1700">
          <weightDensity>76.9822</weightDensity>
          <massDensity>7.850</massDensity>
          <modulusOfElasticity>195000000</modulusOfElasticity>
          <poissonsRatio>0</poissonsRatio>
          <coefficientOfThermalExpansion>0.000012</coefficientOfThermalExpansion>
          <minimumYieldStress>1445000</minimumYieldStress>
          <!-- yield stress taken as 0.85fpu per Section 5.4, NZS3101:2006(A3) -->
          <minimumTensileStress>1700000</minimumTensileStress>
        </material>	

	<!-- 19 wire -->	
		
		<material type="tendon" grade="19 wire-21.8-1810" name="AS/NZS4672.1-19 wire-21.8-1810">
          <weightDensity>76.9822</weightDensity>
          <massDensity>7.850</massDensity>
          <modulusOfElasticity>195000000</modulusOfElasticity>
          <poissonsRatio>0</poissonsRatio>
          <coefficientOfThermalExpansion>0.000012</coefficientOfThermalExpansion>
          <minimumYieldStress>1538500</minimumYieldStress>
          <!-- yield stress taken as 0.85fpu per Section 5.4, NZS3101:2006(A3) -->
          <minimumTensileStress>1810000</minimumTensileStress>
        </material>				
		
	  </standard>
	
    </collection>
  </region>

  </propertyFile>
