<?xml version="1.0" encoding="utf-8" ?>

<PROPERTY_FILE xmlns="http://www.csiamerica.com"
 xmlns:xsi="http://www.w3.org/2001/XMLSchema-instance"
 xsi:schemaLocation="http://www.csiamerica.com CSIExtendedSectionPropertyFile.xsd">

  <CONTROL>
      <FILE_ID>CSI Frame Properties</FILE_ID>
      <VERSION>1</VERSION>
      <DESCRIPTION>ArcelorMittal_British</DESCRIPTION>
      <LENGTH_UNITS>mm</LENGTH_UNITS>
  </CONTROL>

  <STEEL_I_SECTION>
      <LABEL>UB127X76X13</LABEL>
      <EDI_STD>UB127X76X13</EDI_STD>
      <DESIGNATION>W</DESIGNATION>
      <D>127</D>
      <BF>76</BF>
      <TF>7.6</TF>
      <TW>4</TW>
      <A>1652</A>
      <I33>4734000</I33>
      <Z33>84200</Z33>
      <AS3>962.6667</AS3>
      <I22>557400</I22>
      <Z22>22600</Z22>
      <AS2>508</AS2>
      <J>28000</J>
      <S33POS>74551.18</S33POS>
      <S33NEG>74551.18</S33NEG>
      <S22POS>14668.42</S22POS>
      <S22NEG>14668.42</S22NEG>
      <R33>53.53146</R33>
      <R22>18.3687</R22>
  </STEEL_I_SECTION>

  <STEEL_I_SECTION>
      <LABEL>UB152X89X16</LABEL>
      <EDI_STD>UB152X89X16</EDI_STD>
      <DESIGNATION>W</DESIGNATION>
      <D>152.4</D>
      <BF>88.7</BF>
      <TF>7.7</TF>
      <TW>4.5</TW>
      <A>2032</A>
      <I33>8343000</I33>
      <Z33>123000</Z33>
      <AS3>1138.317</AS3>
      <I22>897500</I22>
      <Z22>31200</Z22>
      <AS2>685.8</AS2>
      <J>35500</J>
      <S33POS>109488.2</S33POS>
      <S33NEG>109488.2</S33NEG>
      <S22POS>20236.75</S22POS>
      <S22NEG>20236.75</S22NEG>
      <R33>64.07657</R33>
      <R22>21.01626</R22>
  </STEEL_I_SECTION>

  <STEEL_I_SECTION>
      <LABEL>UB178X102X19</LABEL>
      <EDI_STD>UB178X102X19</EDI_STD>
      <DESIGNATION>W</DESIGNATION>
      <D>177.8</D>
      <BF>101.2</BF>
      <TF>7.9</TF>
      <TW>4.8</TW>
      <A>2426</A>
      <I33>1.356E+07</I33>
      <Z33>171000</Z33>
      <AS3>1332.467</AS3>
      <I22>1370000</I22>
      <Z22>41600</Z22>
      <AS2>853.44</AS2>
      <J>44200</J>
      <S33POS>152530.9</S33POS>
      <S33NEG>152530.9</S33NEG>
      <S22POS>27075.1</S22POS>
      <S22NEG>27075.1</S22NEG>
      <R33>74.76261</R33>
      <R22>23.76374</R22>
  </STEEL_I_SECTION>

  <STEEL_I_SECTION>
      <LABEL>UB203X102X23</LABEL>
      <EDI_STD>UB203X102X23</EDI_STD>
      <DESIGNATION>W</DESIGNATION>
      <D>203.2</D>
      <BF>101.8</BF>
      <TF>9.3</TF>
      <TW>5.4</TW>
      <A>2940</A>
      <I33>2.105E+07</I33>
      <Z33>234000</Z33>
      <AS3>1577.9</AS3>
      <I22>1640000</I22>
      <Z22>49800</Z22>
      <AS2>1097.28</AS2>
      <J>70200</J>
      <S33POS>207185</S33POS>
      <S33NEG>207185</S33NEG>
      <S22POS>32220.04</S22POS>
      <S22NEG>32220.04</S22NEG>
      <R33>84.61598</R33>
      <R22>23.61828</R22>
  </STEEL_I_SECTION>

  <STEEL_I_SECTION>
      <LABEL>UB203X133X25</LABEL>
      <EDI_STD>UB203X133X25</EDI_STD>
      <DESIGNATION>W</DESIGNATION>
      <D>203.2</D>
      <BF>133.2</BF>
      <TF>7.8</TF>
      <TW>5.7</TW>
      <A>3197</A>
      <I33>2.34E+07</I33>
      <Z33>258000</Z33>
      <AS3>1731.6</AS3>
      <I22>3080000</I22>
      <Z22>70900</Z22>
      <AS2>1158.24</AS2>
      <J>61000</J>
      <S33POS>230315</S33POS>
      <S33NEG>230315</S33NEG>
      <S22POS>46246.25</S22POS>
      <S22NEG>46246.25</S22NEG>
      <R33>85.55327</R33>
      <R22>31.03874</R22>
  </STEEL_I_SECTION>

  <STEEL_I_SECTION>
      <LABEL>UB203X133X30</LABEL>
      <EDI_STD>UB203X133X30</EDI_STD>
      <DESIGNATION>W</DESIGNATION>
      <D>206.8</D>
      <BF>133.9</BF>
      <TF>9.6</TF>
      <TW>6.4</TW>
      <A>3821</A>
      <I33>2.896E+07</I33>
      <Z33>314000</Z33>
      <AS3>2142.4</AS3>
      <I22>3850000</I22>
      <Z22>88200</Z22>
      <AS2>1323.52</AS2>
      <J>104000</J>
      <S33POS>280077.4</S33POS>
      <S33NEG>280077.4</S33NEG>
      <S22POS>57505.61</S22POS>
      <S22NEG>57505.61</S22NEG>
      <R33>87.05842</R33>
      <R22>31.74255</R22>
  </STEEL_I_SECTION>

  <STEEL_I_SECTION>
      <LABEL>UB254X102X22</LABEL>
      <EDI_STD>UB254X102X22</EDI_STD>
      <DESIGNATION>W</DESIGNATION>
      <D>254</D>
      <BF>101.6</BF>
      <TF>6.8</TF>
      <TW>5.7</TW>
      <A>2802</A>
      <I33>2.841E+07</I33>
      <Z33>259000</Z33>
      <AS3>1151.467</AS3>
      <I22>1190000</I22>
      <Z22>37300</Z22>
      <AS2>1447.8</AS2>
      <J>43500</J>
      <S33POS>223700.8</S33POS>
      <S33NEG>223700.8</S33NEG>
      <S22POS>23425.2</S22POS>
      <S22NEG>23425.2</S22NEG>
      <R33>100.6935</R33>
      <R22>20.60817</R22>
  </STEEL_I_SECTION>

  <STEEL_I_SECTION>
      <LABEL>UB254X102X25</LABEL>
      <EDI_STD>UB254X102X25</EDI_STD>
      <DESIGNATION>W</DESIGNATION>
      <D>257.2</D>
      <BF>101.9</BF>
      <TF>8.4</TF>
      <TW>6</TW>
      <A>3204</A>
      <I33>3.415E+07</I33>
      <Z33>306000</Z33>
      <AS3>1426.6</AS3>
      <I22>1490000</I22>
      <Z22>46000</Z22>
      <AS2>1543.2</AS2>
      <J>65600</J>
      <S33POS>265552.1</S33POS>
      <S33NEG>265552.1</S33NEG>
      <S22POS>29244.36</S22POS>
      <S22NEG>29244.36</S22NEG>
      <R33>103.2403</R33>
      <R22>21.56487</R22>
  </STEEL_I_SECTION>

  <STEEL_I_SECTION>
      <LABEL>UB254X102X28</LABEL>
      <EDI_STD>UB254X102X28</EDI_STD>
      <DESIGNATION>W</DESIGNATION>
      <D>260.4</D>
      <BF>102.2</BF>
      <TF>10</TF>
      <TW>6.3</TW>
      <A>3608</A>
      <I33>4.005E+07</I33>
      <Z33>353000</Z33>
      <AS3>1703.333</AS3>
      <I22>1790000</I22>
      <Z22>54900</Z22>
      <AS2>1640.52</AS2>
      <J>96600</J>
      <S33POS>307603.7</S33POS>
      <S33NEG>307603.7</S33NEG>
      <S22POS>35029.36</S22POS>
      <S22NEG>35029.36</S22NEG>
      <R33>105.3581</R33>
      <R22>22.27374</R22>
  </STEEL_I_SECTION>

  <STEEL_I_SECTION>
      <LABEL>UB254X146X31</LABEL>
      <EDI_STD>UB254X146X31</EDI_STD>
      <DESIGNATION>W</DESIGNATION>
      <D>251.4</D>
      <BF>146.1</BF>
      <TF>8.6</TF>
      <TW>6</TW>
      <A>3968</A>
      <I33>4.413E+07</I33>
      <Z33>393000</Z33>
      <AS3>2094.1</AS3>
      <I22>4480000</I22>
      <Z22>94100</Z22>
      <AS2>1508.4</AS2>
      <J>86800</J>
      <S33POS>351074</S33POS>
      <S33NEG>351074</S33NEG>
      <S22POS>61327.86</S22POS>
      <S22NEG>61327.86</S22NEG>
      <R33>105.4584</R33>
      <R22>33.60107</R22>
  </STEEL_I_SECTION>

  <STEEL_I_SECTION>
      <LABEL>UB254X146X37</LABEL>
      <EDI_STD>UB254X146X37</EDI_STD>
      <DESIGNATION>W</DESIGNATION>
      <D>256</D>
      <BF>146.4</BF>
      <TF>10.9</TF>
      <TW>6.3</TW>
      <A>4717</A>
      <I33>5.537E+07</I33>
      <Z33>483000</Z33>
      <AS3>2659.6</AS3>
      <I22>5710000</I22>
      <Z22>119000</Z22>
      <AS2>1612.8</AS2>
      <J>154000</J>
      <S33POS>432578.1</S33POS>
      <S33NEG>432578.1</S33NEG>
      <S22POS>78005.47</S22POS>
      <S22NEG>78005.47</S22NEG>
      <R33>108.3439</R33>
      <R22>34.79246</R22>
  </STEEL_I_SECTION>

  <STEEL_I_SECTION>
      <LABEL>UB254X146X43</LABEL>
      <EDI_STD>UB254X146X43</EDI_STD>
      <DESIGNATION>W</DESIGNATION>
      <D>259.6</D>
      <BF>147.3</BF>
      <TF>12.7</TF>
      <TW>7.2</TW>
      <A>5477</A>
      <I33>6.544E+07</I33>
      <Z33>566000</Z33>
      <AS3>3117.85</AS3>
      <I22>6770000</I22>
      <Z22>141000</Z22>
      <AS2>1869.12</AS2>
      <J>240000</J>
      <S33POS>504160.3</S33POS>
      <S33NEG>504160.3</S33NEG>
      <S22POS>91921.25</S22POS>
      <S22NEG>91921.25</S22NEG>
      <R33>109.3076</R33>
      <R22>35.1579</R22>
  </STEEL_I_SECTION>

  <STEEL_I_SECTION>
      <LABEL>UB305X102X25</LABEL>
      <EDI_STD>UB305X102X25</EDI_STD>
      <DESIGNATION>W</DESIGNATION>
      <D>305.1</D>
      <BF>101.6</BF>
      <TF>7</TF>
      <TW>5.8</TW>
      <A>3160</A>
      <I33>4.455E+07</I33>
      <Z33>342000</Z33>
      <AS3>1185.333</AS3>
      <I22>1230000</I22>
      <Z22>38800</Z22>
      <AS2>1769.58</AS2>
      <J>49800</J>
      <S33POS>292035.4</S33POS>
      <S33NEG>292035.4</S33NEG>
      <S22POS>24212.6</S22POS>
      <S22NEG>24212.6</S22NEG>
      <R33>118.7354</R33>
      <R22>19.72918</R22>
  </STEEL_I_SECTION>

  <STEEL_I_SECTION>
      <LABEL>UB305X102X28</LABEL>
      <EDI_STD>UB305X102X28</EDI_STD>
      <DESIGNATION>W</DESIGNATION>
      <D>308.7</D>
      <BF>101.8</BF>
      <TF>8.8</TF>
      <TW>6</TW>
      <A>3588</A>
      <I33>5.366E+07</I33>
      <Z33>403000</Z33>
      <AS3>1493.067</AS3>
      <I22>1550000</I22>
      <Z22>48500</Z22>
      <AS2>1852.2</AS2>
      <J>75100</J>
      <S33POS>347651.4</S33POS>
      <S33NEG>347651.4</S33NEG>
      <S22POS>30451.87</S22POS>
      <S22NEG>30451.87</S22NEG>
      <R33>122.2923</R33>
      <R22>20.7845</R22>
  </STEEL_I_SECTION>

  <STEEL_I_SECTION>
      <LABEL>UB305X102X33</LABEL>
      <EDI_STD>UB305X102X33</EDI_STD>
      <DESIGNATION>W</DESIGNATION>
      <D>312.7</D>
      <BF>102.4</BF>
      <TF>10.8</TF>
      <TW>6.6</TW>
      <A>4183</A>
      <I33>6.501E+07</I33>
      <Z33>481000</Z33>
      <AS3>1843.2</AS3>
      <I22>1940000</I22>
      <Z22>60000</Z22>
      <AS2>2063.82</AS2>
      <J>123000</J>
      <S33POS>415797.9</S33POS>
      <S33NEG>415797.9</S33NEG>
      <S22POS>37890.63</S22POS>
      <S22NEG>37890.63</S22NEG>
      <R33>124.6655</R33>
      <R22>21.5356</R22>
  </STEEL_I_SECTION>

  <STEEL_I_SECTION>
      <LABEL>UB305X127X37</LABEL>
      <EDI_STD>UB305X127X37</EDI_STD>
      <DESIGNATION>W</DESIGNATION>
      <D>304.4</D>
      <BF>123.4</BF>
      <TF>10.7</TF>
      <TW>7.1</TW>
      <A>4718</A>
      <I33>7.171E+07</I33>
      <Z33>539000</Z33>
      <AS3>2200.633</AS3>
      <I22>3360000</I22>
      <Z22>85400</Z22>
      <AS2>2161.24</AS2>
      <J>150000</J>
      <S33POS>471156.4</S33POS>
      <S33NEG>471156.4</S33NEG>
      <S22POS>54457.05</S22POS>
      <S22NEG>54457.05</S22NEG>
      <R33>123.2852</R33>
      <R22>26.68644</R22>
  </STEEL_I_SECTION>

  <STEEL_I_SECTION>
      <LABEL>UB305X127X42</LABEL>
      <EDI_STD>UB305X127X42</EDI_STD>
      <DESIGNATION>W</DESIGNATION>
      <D>307.2</D>
      <BF>124.3</BF>
      <TF>12.1</TF>
      <TW>8</TW>
      <A>5340</A>
      <I33>8.196E+07</I33>
      <Z33>614000</Z33>
      <AS3>2506.717</AS3>
      <I22>3890000</I22>
      <Z22>98400</Z22>
      <AS2>2457.6</AS2>
      <J>214000</J>
      <S33POS>533593.8</S33POS>
      <S33NEG>533593.8</S33NEG>
      <S22POS>62590.5</S22POS>
      <S22NEG>62590.5</S22NEG>
      <R33>123.8883</R33>
      <R22>26.99008</R22>
  </STEEL_I_SECTION>

  <STEEL_I_SECTION>
      <LABEL>UB305X127X48</LABEL>
      <EDI_STD>UB305X127X48</EDI_STD>
      <DESIGNATION>W</DESIGNATION>
      <D>311</D>
      <BF>125.3</BF>
      <TF>14</TF>
      <TW>9</TW>
      <A>6123</A>
      <I33>9.575E+07</I33>
      <Z33>711000</Z33>
      <AS3>2923.667</AS3>
      <I22>4610000</I22>
      <Z22>116000</Z22>
      <AS2>2799</AS2>
      <J>322000</J>
      <S33POS>615755.6</S33POS>
      <S33NEG>615755.6</S33NEG>
      <S22POS>73583.4</S22POS>
      <S22NEG>73583.4</S22NEG>
      <R33>125.051</R33>
      <R22>27.439</R22>
  </STEEL_I_SECTION>

  <STEEL_I_SECTION>
      <LABEL>UB305X165X40</LABEL>
      <EDI_STD>UB305X165X40</EDI_STD>
      <DESIGNATION>W</DESIGNATION>
      <D>303.4</D>
      <BF>165</BF>
      <TF>10.2</TF>
      <TW>6</TW>
      <A>5132</A>
      <I33>8.503E+07</I33>
      <Z33>623000</Z33>
      <AS3>2805</AS3>
      <I22>7640000</I22>
      <Z22>142000</Z22>
      <AS2>1820.4</AS2>
      <J>147000</J>
      <S33POS>560514.2</S33POS>
      <S33NEG>560514.2</S33NEG>
      <S22POS>92606.06</S22POS>
      <S22NEG>92606.06</S22NEG>
      <R33>128.719</R33>
      <R22>38.58365</R22>
  </STEEL_I_SECTION>

  <STEEL_I_SECTION>
      <LABEL>UB305X165X46</LABEL>
      <EDI_STD>UB305X165X46</EDI_STD>
      <DESIGNATION>W</DESIGNATION>
      <D>306.6</D>
      <BF>165.7</BF>
      <TF>11.8</TF>
      <TW>6.7</TW>
      <A>5875</A>
      <I33>9.899E+07</I33>
      <Z33>720000</Z33>
      <AS3>3258.767</AS3>
      <I22>8960000</I22>
      <Z22>166000</Z22>
      <AS2>2054.22</AS2>
      <J>222000</J>
      <S33POS>645727.3</S33POS>
      <S33NEG>645727.3</S33NEG>
      <S22POS>108147.3</S22POS>
      <S22NEG>108147.3</S22NEG>
      <R33>129.8051</R33>
      <R22>39.05261</R22>
  </STEEL_I_SECTION>

  <STEEL_I_SECTION>
      <LABEL>UB305X165X54</LABEL>
      <EDI_STD>UB305X165X54</EDI_STD>
      <DESIGNATION>W</DESIGNATION>
      <D>310.4</D>
      <BF>166.9</BF>
      <TF>13.7</TF>
      <TW>7.9</TW>
      <A>6877</A>
      <I33>1.17E+08</I33>
      <Z33>846000</Z33>
      <AS3>3810.883</AS3>
      <I22>1.063E+07</I22>
      <Z22>196000</Z22>
      <AS2>2452.16</AS2>
      <J>349000</J>
      <S33POS>753866</S33POS>
      <S33NEG>753866</S33NEG>
      <S22POS>127381.7</S22POS>
      <S22NEG>127381.7</S22NEG>
      <R33>130.4348</R33>
      <R22>39.3158</R22>
  </STEEL_I_SECTION>

  <STEEL_I_SECTION>
      <LABEL>UB356X127X33</LABEL>
      <EDI_STD>UB356X127X33</EDI_STD>
      <DESIGNATION>W</DESIGNATION>
      <D>349</D>
      <BF>125.4</BF>
      <TF>8.5</TF>
      <TW>6</TW>
      <A>4213</A>
      <I33>8.249E+07</I33>
      <Z33>543000</Z33>
      <AS3>1776.5</AS3>
      <I22>2800000</I22>
      <Z22>70300</Z22>
      <AS2>2094</AS2>
      <J>89700</J>
      <S33POS>472722.1</S33POS>
      <S33NEG>472722.1</S33NEG>
      <S22POS>44657.1</S22POS>
      <S22NEG>44657.1</S22NEG>
      <R33>139.9281</R33>
      <R22>25.78002</R22>
  </STEEL_I_SECTION>

  <STEEL_I_SECTION>
      <LABEL>UB356X127X39</LABEL>
      <EDI_STD>UB356X127X39</EDI_STD>
      <DESIGNATION>W</DESIGNATION>
      <D>353.4</D>
      <BF>126</BF>
      <TF>10.7</TF>
      <TW>6.6</TW>
      <A>4977</A>
      <I33>1.017E+08</I33>
      <Z33>659000</Z33>
      <AS3>2247</AS3>
      <I22>3580000</I22>
      <Z22>89100</Z22>
      <AS2>2332.44</AS2>
      <J>152000</J>
      <S33POS>575551.8</S33POS>
      <S33NEG>575551.8</S33NEG>
      <S22POS>56825.4</S22POS>
      <S22NEG>56825.4</S22NEG>
      <R33>142.9475</R33>
      <R22>26.81993</R22>
  </STEEL_I_SECTION>

  <STEEL_I_SECTION>
      <LABEL>UB356X171X45</LABEL>
      <EDI_STD>UB356X171X45</EDI_STD>
      <DESIGNATION>W</DESIGNATION>
      <D>351.4</D>
      <BF>171.1</BF>
      <TF>9.7</TF>
      <TW>7</TW>
      <A>5733</A>
      <I33>1.207E+08</I33>
      <Z33>775000</Z33>
      <AS3>2766.117</AS3>
      <I22>8110000</I22>
      <Z22>147000</Z22>
      <AS2>2459.8</AS2>
      <J>162000</J>
      <S33POS>686966.4</S33POS>
      <S33NEG>686966.4</S33NEG>
      <S22POS>94798.36</S22POS>
      <S22NEG>94798.36</S22NEG>
      <R33>145.0984</R33>
      <R22>37.6114</R22>
  </STEEL_I_SECTION>

  <STEEL_I_SECTION>
      <LABEL>UB356X171X51</LABEL>
      <EDI_STD>UB356X171X51</EDI_STD>
      <DESIGNATION>W</DESIGNATION>
      <D>355</D>
      <BF>171.5</BF>
      <TF>11.5</TF>
      <TW>7.4</TW>
      <A>6491</A>
      <I33>1.414E+08</I33>
      <Z33>896000</Z33>
      <AS3>3287.083</AS3>
      <I22>9680000</I22>
      <Z22>174000</Z22>
      <AS2>2627</AS2>
      <J>240000</J>
      <S33POS>796619.7</S33POS>
      <S33NEG>796619.7</S33NEG>
      <S22POS>112886.3</S22POS>
      <S22NEG>112886.3</S22NEG>
      <R33>147.5941</R33>
      <R22>38.6173</R22>
  </STEEL_I_SECTION>

  <STEEL_I_SECTION>
      <LABEL>UB356X171X57</LABEL>
      <EDI_STD>UB356X171X57</EDI_STD>
      <DESIGNATION>W</DESIGNATION>
      <D>358</D>
      <BF>172.2</BF>
      <TF>13</TF>
      <TW>8.1</TW>
      <A>7256</A>
      <I33>1.604E+08</I33>
      <Z33>1010000</Z33>
      <AS3>3731</AS3>
      <I22>1.108E+07</I22>
      <Z22>199000</Z22>
      <AS2>2899.8</AS2>
      <J>336000</J>
      <S33POS>896089.4</S33POS>
      <S33NEG>896089.4</S33NEG>
      <S22POS>128687.6</S22POS>
      <S22NEG>128687.6</S22NEG>
      <R33>148.6803</R33>
      <R22>39.077</R22>
  </STEEL_I_SECTION>

  <STEEL_I_SECTION>
      <LABEL>UB356X171X67</LABEL>
      <EDI_STD>UB356X171X67</EDI_STD>
      <DESIGNATION>W</DESIGNATION>
      <D>363.4</D>
      <BF>173.2</BF>
      <TF>15.7</TF>
      <TW>9.1</TW>
      <A>8549</A>
      <I33>1.946E+08</I33>
      <Z33>1211000</Z33>
      <AS3>4532.067</AS3>
      <I22>1.362E+07</I22>
      <Z22>243000</Z22>
      <AS2>3306.94</AS2>
      <J>559000</J>
      <S33POS>1070996</S33POS>
      <S33NEG>1070996</S33NEG>
      <S22POS>157274.8</S22POS>
      <S22NEG>157274.8</S22NEG>
      <R33>150.8738</R33>
      <R22>39.91452</R22>
  </STEEL_I_SECTION>

  <STEEL_I_SECTION>
      <LABEL>UB406X140X39</LABEL>
      <EDI_STD>UB406X140X39</EDI_STD>
      <DESIGNATION>W</DESIGNATION>
      <D>398</D>
      <BF>141.8</BF>
      <TF>8.6</TF>
      <TW>6.4</TW>
      <A>4965</A>
      <I33>1.251E+08</I33>
      <Z33>724000</Z33>
      <AS3>2032.467</AS3>
      <I22>4100000</I22>
      <Z22>90900</Z22>
      <AS2>2547.2</AS2>
      <J>110000</J>
      <S33POS>628643.2</S33POS>
      <S33NEG>628643.2</S33NEG>
      <S22POS>57827.93</S22POS>
      <S22NEG>57827.93</S22NEG>
      <R33>158.7337</R33>
      <R22>28.7364</R22>
  </STEEL_I_SECTION>

  <STEEL_I_SECTION>
      <LABEL>UB406X140X46</LABEL>
      <EDI_STD>UB406X140X46</EDI_STD>
      <DESIGNATION>W</DESIGNATION>
      <D>403.2</D>
      <BF>142.2</BF>
      <TF>11.2</TF>
      <TW>6.8</TW>
      <A>5864</A>
      <I33>1.569E+08</I33>
      <Z33>888000</Z33>
      <AS3>2654.4</AS3>
      <I22>5380000</I22>
      <Z22>118000</Z22>
      <AS2>2741.76</AS2>
      <J>191000</J>
      <S33POS>778273.8</S33POS>
      <S33NEG>778273.8</S33NEG>
      <S22POS>75668.08</S22POS>
      <S22NEG>75668.08</S22NEG>
      <R33>163.5741</R33>
      <R22>30.28964</R22>
  </STEEL_I_SECTION>

  <STEEL_I_SECTION>
      <LABEL>UB406X178X54</LABEL>
      <EDI_STD>UB406X178X54</EDI_STD>
      <DESIGNATION>W</DESIGNATION>
      <D>402.6</D>
      <BF>177.7</BF>
      <TF>10.9</TF>
      <TW>7.7</TW>
      <A>6895</A>
      <I33>1.872E+08</I33>
      <Z33>1055000</Z33>
      <AS3>3228.217</AS3>
      <I22>1.021E+07</I22>
      <Z22>178000</Z22>
      <AS2>3100.02</AS2>
      <J>235000</J>
      <S33POS>929955.3</S33POS>
      <S33NEG>929955.3</S33NEG>
      <S22POS>114912.8</S22POS>
      <S22NEG>114912.8</S22NEG>
      <R33>164.7729</R33>
      <R22>38.48095</R22>
  </STEEL_I_SECTION>

  <STEEL_I_SECTION>
      <LABEL>UB406X178X60</LABEL>
      <EDI_STD>UB406X178X60</EDI_STD>
      <DESIGNATION>W</DESIGNATION>
      <D>406.4</D>
      <BF>177.9</BF>
      <TF>12.8</TF>
      <TW>7.9</TW>
      <A>7652</A>
      <I33>2.16E+08</I33>
      <Z33>1199000</Z33>
      <AS3>3795.2</AS3>
      <I22>1.203E+07</I22>
      <Z22>209000</Z22>
      <AS2>3210.56</AS2>
      <J>335000</J>
      <S33POS>1062992</S33POS>
      <S33NEG>1062992</S33NEG>
      <S22POS>135244.5</S22POS>
      <S22NEG>135244.5</S22NEG>
      <R33>168.0116</R33>
      <R22>39.6502</R22>
  </STEEL_I_SECTION>

  <STEEL_I_SECTION>
      <LABEL>UB406X178X67</LABEL>
      <EDI_STD>UB406X178X67</EDI_STD>
      <DESIGNATION>W</DESIGNATION>
      <D>409.4</D>
      <BF>178.8</BF>
      <TF>14.3</TF>
      <TW>8.8</TW>
      <A>8554</A>
      <I33>2.433E+08</I33>
      <Z33>1346000</Z33>
      <AS3>4261.4</AS3>
      <I22>1.365E+07</I22>
      <Z22>237000</Z22>
      <AS2>3602.72</AS2>
      <J>464000</J>
      <S33POS>1188569</S33POS>
      <S33NEG>1188569</S33NEG>
      <S22POS>152684.6</S22POS>
      <S22NEG>152684.6</S22NEG>
      <R33>168.65</R33>
      <R22>39.94677</R22>
  </STEEL_I_SECTION>

  <STEEL_I_SECTION>
      <LABEL>UB406X178X74</LABEL>
      <EDI_STD>UB406X178X74</EDI_STD>
      <DESIGNATION>W</DESIGNATION>
      <D>412.8</D>
      <BF>179.5</BF>
      <TF>16</TF>
      <TW>9.5</TW>
      <A>9451</A>
      <I33>2.731E+08</I33>
      <Z33>1501000</Z33>
      <AS3>4786.667</AS3>
      <I22>1.545E+07</I22>
      <Z22>267000</Z22>
      <AS2>3921.6</AS2>
      <J>631000</J>
      <S33POS>1323159</S33POS>
      <S33NEG>1323159</S33NEG>
      <S22POS>172144.8</S22POS>
      <S22NEG>172144.8</S22NEG>
      <R33>169.9895</R33>
      <R22>40.43201</R22>
  </STEEL_I_SECTION>

  <STEEL_I_SECTION>
      <LABEL>UB457X152X52</LABEL>
      <EDI_STD>UB457X152X52</EDI_STD>
      <DESIGNATION>W</DESIGNATION>
      <D>449.8</D>
      <BF>152.4</BF>
      <TF>10.9</TF>
      <TW>7.6</TW>
      <A>6664</A>
      <I33>2.137E+08</I33>
      <Z33>1096000</Z33>
      <AS3>2768.6</AS3>
      <I22>6450000</I22>
      <Z22>133000</Z22>
      <AS2>3418.48</AS2>
      <J>217000</J>
      <S33POS>950200.1</S33POS>
      <S33NEG>950200.1</S33NEG>
      <S22POS>84645.67</S22POS>
      <S22NEG>84645.67</S22NEG>
      <R33>179.0749</R33>
      <R22>31.11089</R22>
  </STEEL_I_SECTION>

  <STEEL_I_SECTION>
      <LABEL>UB457X152X60</LABEL>
      <EDI_STD>UB457X152X60</EDI_STD>
      <DESIGNATION>W</DESIGNATION>
      <D>454.6</D>
      <BF>152.9</BF>
      <TF>13.3</TF>
      <TW>8.1</TW>
      <A>7623</A>
      <I33>2.55E+08</I33>
      <Z33>1287000</Z33>
      <AS3>3389.283</AS3>
      <I22>7950000</I22>
      <Z22>163000</Z22>
      <AS2>3682.26</AS2>
      <J>340000</J>
      <S33POS>1121865</S33POS>
      <S33NEG>1121865</S33NEG>
      <S22POS>103989.5</S22POS>
      <S22NEG>103989.5</S22NEG>
      <R33>182.8972</R33>
      <R22>32.29391</R22>
  </STEEL_I_SECTION>

  <STEEL_I_SECTION>
      <LABEL>UB457X152X67</LABEL>
      <EDI_STD>UB457X152X67</EDI_STD>
      <DESIGNATION>W</DESIGNATION>
      <D>458</D>
      <BF>153.8</BF>
      <TF>15</TF>
      <TW>9</TW>
      <A>8555</A>
      <I33>2.893E+08</I33>
      <Z33>1453000</Z33>
      <AS3>3845</AS3>
      <I22>9130000</I22>
      <Z22>187000</Z22>
      <AS2>4122</AS2>
      <J>480000</J>
      <S33POS>1263319</S33POS>
      <S33NEG>1263319</S33NEG>
      <S22POS>118725.6</S22POS>
      <S22NEG>118725.6</S22NEG>
      <R33>183.8926</R33>
      <R22>32.66821</R22>
  </STEEL_I_SECTION>

  <STEEL_I_SECTION>
      <LABEL>UB457X152X74</LABEL>
      <EDI_STD>UB457X152X74</EDI_STD>
      <DESIGNATION>W</DESIGNATION>
      <D>462</D>
      <BF>154.4</BF>
      <TF>17</TF>
      <TW>9.6</TW>
      <A>9448</A>
      <I33>3.267E+08</I33>
      <Z33>1627000</Z33>
      <AS3>4374.667</AS3>
      <I22>1.047E+07</I22>
      <Z22>213000</Z22>
      <AS2>4435.2</AS2>
      <J>662000</J>
      <S33POS>1414286</S33POS>
      <S33NEG>1414286</S33NEG>
      <S22POS>135621.8</S22POS>
      <S22NEG>135621.8</S22NEG>
      <R33>185.9536</R33>
      <R22>33.2892</R22>
  </STEEL_I_SECTION>

  <STEEL_I_SECTION>
      <LABEL>UB457X152X82</LABEL>
      <EDI_STD>UB457X152X82</EDI_STD>
      <DESIGNATION>W</DESIGNATION>
      <D>465.8</D>
      <BF>155.3</BF>
      <TF>18.9</TF>
      <TW>10.5</TW>
      <A>10450</A>
      <I33>3.659E+08</I33>
      <Z33>1811000</Z33>
      <AS3>4891.95</AS3>
      <I22>1.185E+07</I22>
      <Z22>240000</Z22>
      <AS2>4890.9</AS2>
      <J>897000</J>
      <S33POS>1571061</S33POS>
      <S33NEG>1571061</S33NEG>
      <S22POS>152607.9</S22POS>
      <S22NEG>152607.9</S22NEG>
      <R33>187.1212</R33>
      <R22>33.67449</R22>
  </STEEL_I_SECTION>

  <STEEL_I_SECTION>
      <LABEL>UB457X191X67</LABEL>
      <EDI_STD>UB457X191X67</EDI_STD>
      <DESIGNATION>W</DESIGNATION>
      <D>453.4</D>
      <BF>189.9</BF>
      <TF>12.7</TF>
      <TW>8.5</TW>
      <A>8551</A>
      <I33>2.938E+08</I33>
      <Z33>1471000</Z33>
      <AS3>4019.55</AS3>
      <I22>1.452E+07</I22>
      <Z22>237000</Z22>
      <AS2>3853.9</AS2>
      <J>375000</J>
      <S33POS>1295986</S33POS>
      <S33NEG>1295986</S33NEG>
      <S22POS>152922.6</S22POS>
      <S22NEG>152922.6</S22NEG>
      <R33>185.3606</R33>
      <R22>41.20737</R22>
  </STEEL_I_SECTION>

  <STEEL_I_SECTION>
      <LABEL>UB457X191X74</LABEL>
      <EDI_STD>UB457X191X74</EDI_STD>
      <DESIGNATION>W</DESIGNATION>
      <D>457</D>
      <BF>190.4</BF>
      <TF>14.5</TF>
      <TW>9</TW>
      <A>9463</A>
      <I33>3.332E+08</I33>
      <Z33>1653000</Z33>
      <AS3>4601.333</AS3>
      <I22>1.671E+07</I22>
      <Z22>272000</Z22>
      <AS2>4113</AS2>
      <J>521000</J>
      <S33POS>1458206</S33POS>
      <S33NEG>1458206</S33NEG>
      <S22POS>175525.2</S22POS>
      <S22NEG>175525.2</S22NEG>
      <R33>187.6455</R33>
      <R22>42.02172</R22>
  </STEEL_I_SECTION>

  <STEEL_I_SECTION>
      <LABEL>UB457X191X82</LABEL>
      <EDI_STD>UB457X191X82</EDI_STD>
      <DESIGNATION>W</DESIGNATION>
      <D>460</D>
      <BF>191.3</BF>
      <TF>16</TF>
      <TW>9.9</TW>
      <A>10450</A>
      <I33>3.705E+08</I33>
      <Z33>1831000</Z33>
      <AS3>5101.333</AS3>
      <I22>1.871E+07</I22>
      <Z22>304000</Z22>
      <AS2>4554</AS2>
      <J>697000</J>
      <S33POS>1610870</S33POS>
      <S33NEG>1610870</S33NEG>
      <S22POS>195609</S22POS>
      <S22NEG>195609</S22NEG>
      <R33>188.2938</R33>
      <R22>42.31348</R22>
  </STEEL_I_SECTION>

  <STEEL_I_SECTION>
      <LABEL>UB457X191X89</LABEL>
      <EDI_STD>UB457X191X89</EDI_STD>
      <DESIGNATION>W</DESIGNATION>
      <D>463.4</D>
      <BF>191.9</BF>
      <TF>17.7</TF>
      <TW>10.5</TW>
      <A>11380</A>
      <I33>4.102E+08</I33>
      <Z33>2014000</Z33>
      <AS3>5661.05</AS3>
      <I22>2.089E+07</I22>
      <Z22>338000</Z22>
      <AS2>4865.7</AS2>
      <J>913000</J>
      <S33POS>1770393</S33POS>
      <S33NEG>1770393</S33NEG>
      <S22POS>217717.6</S22POS>
      <S22NEG>217717.6</S22NEG>
      <R33>189.857</R33>
      <R22>42.8448</R22>
  </STEEL_I_SECTION>

  <STEEL_I_SECTION>
      <LABEL>UB457X191X98</LABEL>
      <EDI_STD>UB457X191X98</EDI_STD>
      <DESIGNATION>W</DESIGNATION>
      <D>467.2</D>
      <BF>192.8</BF>
      <TF>19.6</TF>
      <TW>11.4</TW>
      <A>12530</A>
      <I33>4.573E+08</I33>
      <Z33>2232000</Z33>
      <AS3>6298.133</AS3>
      <I22>2.347E+07</I22>
      <Z22>379000</Z22>
      <AS2>5326.08</AS2>
      <J>1220000</J>
      <S33POS>1957620</S33POS>
      <S33NEG>1957620</S33NEG>
      <S22POS>243464.7</S22POS>
      <S22NEG>243464.7</S22NEG>
      <R33>191.0403</R33>
      <R22>43.27938</R22>
  </STEEL_I_SECTION>

  <STEEL_I_SECTION>
      <LABEL>UB533X210X82</LABEL>
      <EDI_STD>UB533X210X82</EDI_STD>
      <DESIGNATION>W</DESIGNATION>
      <D>528.3</D>
      <BF>208.8</BF>
      <TF>13.2</TF>
      <TW>9.6</TW>
      <A>10470</A>
      <I33>4.754E+08</I33>
      <Z33>2059000</Z33>
      <AS3>4593.6</AS3>
      <I22>2.007E+07</I22>
      <Z22>300000</Z22>
      <AS2>5071.68</AS2>
      <J>525000</J>
      <S33POS>1799735</S33POS>
      <S33NEG>1799735</S33NEG>
      <S22POS>192241.4</S22POS>
      <S22NEG>192241.4</S22NEG>
      <R33>213.0867</R33>
      <R22>43.78248</R22>
  </STEEL_I_SECTION>

  <STEEL_I_SECTION>
      <LABEL>UB533X210X92</LABEL>
      <EDI_STD>UB533X210X92</EDI_STD>
      <DESIGNATION>W</DESIGNATION>
      <D>533.1</D>
      <BF>209.3</BF>
      <TF>15.6</TF>
      <TW>10.1</TW>
      <A>11740</A>
      <I33>5.523E+08</I33>
      <Z33>2360000</Z33>
      <AS3>5441.8</AS3>
      <I22>2.389E+07</I22>
      <Z22>356000</Z22>
      <AS2>5384.31</AS2>
      <J>763000</J>
      <S33POS>2072032</S33POS>
      <S33NEG>2072032</S33NEG>
      <S22POS>228284.8</S22POS>
      <S22NEG>228284.8</S22NEG>
      <R33>216.897</R33>
      <R22>45.11012</R22>
  </STEEL_I_SECTION>

  <STEEL_I_SECTION>
      <LABEL>UB533X210X101</LABEL>
      <EDI_STD>UB533X210X101</EDI_STD>
      <DESIGNATION>W</DESIGNATION>
      <D>536.7</D>
      <BF>210</BF>
      <TF>17.4</TF>
      <TW>10.8</TW>
      <A>12870</A>
      <I33>6.152E+08</I33>
      <Z33>2612000</Z33>
      <AS3>6090</AS3>
      <I22>2.692E+07</I22>
      <Z22>399000</Z22>
      <AS2>5796.36</AS2>
      <J>1020000</J>
      <S33POS>2292528</S33POS>
      <S33NEG>2292528</S33NEG>
      <S22POS>256381</S22POS>
      <S22NEG>256381</S22NEG>
      <R33>218.6346</R33>
      <R22>45.73495</R22>
  </STEEL_I_SECTION>

  <STEEL_I_SECTION>
      <LABEL>UB533X210X109</LABEL>
      <EDI_STD>UB533X210X109</EDI_STD>
      <DESIGNATION>W</DESIGNATION>
      <D>539.5</D>
      <BF>210.8</BF>
      <TF>18.8</TF>
      <TW>11.6</TW>
      <A>13890</A>
      <I33>6.682E+08</I33>
      <Z33>2828000</Z33>
      <AS3>6605.067</AS3>
      <I22>2.943E+07</I22>
      <Z22>436000</Z22>
      <AS2>6258.2</AS2>
      <J>1270000</J>
      <S33POS>2477109</S33POS>
      <S33NEG>2477109</S33NEG>
      <S22POS>279222</S22POS>
      <S22NEG>279222</S22NEG>
      <R33>219.3321</R33>
      <R22>46.03032</R22>
  </STEEL_I_SECTION>

  <STEEL_I_SECTION>
      <LABEL>UB533X210X122</LABEL>
      <EDI_STD>UB533X210X122</EDI_STD>
      <DESIGNATION>W</DESIGNATION>
      <D>544.5</D>
      <BF>211.9</BF>
      <TF>21.3</TF>
      <TW>12.7</TW>
      <A>15540</A>
      <I33>7.604E+08</I33>
      <Z33>3196000</Z33>
      <AS3>7522.45</AS3>
      <I22>3.388E+07</I22>
      <Z22>500000</Z22>
      <AS2>6915.15</AS2>
      <J>1800000</J>
      <S33POS>2793021</S33POS>
      <S33NEG>2793021</S33NEG>
      <S22POS>319773.5</S22POS>
      <S22NEG>319773.5</S22NEG>
      <R33>221.2053</R33>
      <R22>46.6924</R22>
  </STEEL_I_SECTION>

  <STEEL_I_SECTION>
      <LABEL>UB610X229X101</LABEL>
      <EDI_STD>UB610X229X101</EDI_STD>
      <DESIGNATION>W</DESIGNATION>
      <D>602.6</D>
      <BF>227.6</BF>
      <TF>14.8</TF>
      <TW>10.5</TW>
      <A>12890</A>
      <I33>7.578E+08</I33>
      <Z33>2881000</Z33>
      <AS3>5614.133</AS3>
      <I22>2.915E+07</I22>
      <Z22>400000</Z22>
      <AS2>6327.3</AS2>
      <J>782000</J>
      <S33POS>2515101</S33POS>
      <S33NEG>2515101</S33NEG>
      <S22POS>256151.1</S22POS>
      <S22NEG>256151.1</S22NEG>
      <R33>242.466</R33>
      <R22>47.55463</R22>
  </STEEL_I_SECTION>

  <STEEL_I_SECTION>
      <LABEL>UB610X229X113</LABEL>
      <EDI_STD>UB610X229X113</EDI_STD>
      <DESIGNATION>W</DESIGNATION>
      <D>607.6</D>
      <BF>228.2</BF>
      <TF>17.3</TF>
      <TW>11.1</TW>
      <A>14390</A>
      <I33>8.732E+08</I33>
      <Z33>3281000</Z33>
      <AS3>6579.767</AS3>
      <I22>3.434E+07</I22>
      <Z22>469000</Z22>
      <AS2>6744.36</AS2>
      <J>1120000</J>
      <S33POS>2874260</S33POS>
      <S33NEG>2874260</S33NEG>
      <S22POS>300964.1</S22POS>
      <S22NEG>300964.1</S22NEG>
      <R33>246.3352</R33>
      <R22>48.85058</R22>
  </STEEL_I_SECTION>

  <STEEL_I_SECTION>
      <LABEL>UB610X229X125</LABEL>
      <EDI_STD>UB610X229X125</EDI_STD>
      <DESIGNATION>W</DESIGNATION>
      <D>612.2</D>
      <BF>229</BF>
      <TF>19.6</TF>
      <TW>11.9</TW>
      <A>15930</A>
      <I33>9.861E+08</I33>
      <Z33>3676000</Z33>
      <AS3>7480.667</AS3>
      <I22>3.932E+07</I22>
      <Z22>535000</Z22>
      <AS2>7285.18</AS2>
      <J>1550000</J>
      <S33POS>3221496</S33POS>
      <S33NEG>3221496</S33NEG>
      <S22POS>343406.1</S22POS>
      <S22NEG>343406.1</S22NEG>
      <R33>248.8013</R33>
      <R22>49.68198</R22>
  </STEEL_I_SECTION>

  <STEEL_I_SECTION>
      <LABEL>UB610X229X140</LABEL>
      <EDI_STD>UB610X229X140</EDI_STD>
      <DESIGNATION>W</DESIGNATION>
      <D>617.2</D>
      <BF>230.2</BF>
      <TF>22.1</TF>
      <TW>13.1</TW>
      <A>17820</A>
      <I33>1.118E+09</I33>
      <Z33>4142000</Z33>
      <AS3>8479.033</AS3>
      <I22>4.505E+07</I22>
      <Z22>611000</Z22>
      <AS2>8085.32</AS2>
      <J>2180000</J>
      <S33POS>3622813</S33POS>
      <S33NEG>3622813</S33NEG>
      <S22POS>391398.8</S22POS>
      <S22NEG>391398.8</S22NEG>
      <R33>250.4765</R33>
      <R22>50.2798</R22>
  </STEEL_I_SECTION>

  <STEEL_I_SECTION>
      <LABEL>UB610X305X149</LABEL>
      <EDI_STD>UB610X305X149</EDI_STD>
      <DESIGNATION>W</DESIGNATION>
      <D>612.4</D>
      <BF>304.8</BF>
      <TF>19.7</TF>
      <TW>11.8</TW>
      <A>19000</A>
      <I33>1.259E+09</I33>
      <Z33>4594000</Z33>
      <AS3>10007.6</AS3>
      <I22>9.308E+07</I22>
      <Z22>937000</Z22>
      <AS2>7226.32</AS2>
      <J>2000000</J>
      <S33POS>4111692</S33POS>
      <S33NEG>4111692</S33NEG>
      <S22POS>610761.2</S22POS>
      <S22NEG>610761.2</S22NEG>
      <R33>257.4163</R33>
      <R22>69.99248</R22>
  </STEEL_I_SECTION>

  <STEEL_I_SECTION>
      <LABEL>UB610X305X179</LABEL>
      <EDI_STD>UB610X305X179</EDI_STD>
      <DESIGNATION>W</DESIGNATION>
      <D>620.2</D>
      <BF>307.1</BF>
      <TF>23.6</TF>
      <TW>14.1</TW>
      <A>22810</A>
      <I33>1.53E+09</I33>
      <Z33>5547000</Z33>
      <AS3>12079.27</AS3>
      <I22>1.141E+08</I22>
      <Z22>1144000</Z22>
      <AS2>8744.82</AS2>
      <J>3420000</J>
      <S33POS>4933892</S33POS>
      <S33NEG>4933892</S33NEG>
      <S22POS>743080.4</S22POS>
      <S22NEG>743080.4</S22NEG>
      <R33>258.9901</R33>
      <R22>70.72617</R22>
  </STEEL_I_SECTION>

  <STEEL_I_SECTION>
      <LABEL>UB610X305X238</LABEL>
      <EDI_STD>UB610X305X238</EDI_STD>
      <DESIGNATION>W</DESIGNATION>
      <D>635.8</D>
      <BF>311.4</BF>
      <TF>31.4</TF>
      <TW>18.4</TW>
      <A>30330</A>
      <I33>2.095E+09</I33>
      <Z33>7486000</Z33>
      <AS3>16296.6</AS3>
      <I22>1.584E+08</I22>
      <Z22>1574000</Z22>
      <AS2>11698.72</AS2>
      <J>7910000</J>
      <S33POS>6590123</S33POS>
      <S33NEG>6590123</S33NEG>
      <S22POS>1017341</S22POS>
      <S22NEG>1017341</S22NEG>
      <R33>262.8184</R33>
      <R22>72.26723</R22>
  </STEEL_I_SECTION>

  <STEEL_I_SECTION>
      <LABEL>UB686X254X125</LABEL>
      <EDI_STD>UB686X254X125</EDI_STD>
      <DESIGNATION>W</DESIGNATION>
      <D>677.9</D>
      <BF>253</BF>
      <TF>16.2</TF>
      <TW>11.7</TW>
      <A>15950</A>
      <I33>1.18E+09</I33>
      <Z33>3994000</Z33>
      <AS3>6831</AS3>
      <I22>4.383E+07</I22>
      <Z22>542000</Z22>
      <AS2>7931.43</AS2>
      <J>1180000</J>
      <S33POS>3481339</S33POS>
      <S33NEG>3481339</S33NEG>
      <S22POS>346482.2</S22POS>
      <S22NEG>346482.2</S22NEG>
      <R33>271.9948</R33>
      <R22>52.42101</R22>
  </STEEL_I_SECTION>

  <STEEL_I_SECTION>
      <LABEL>UB686X254X140</LABEL>
      <EDI_STD>UB686X254X140</EDI_STD>
      <DESIGNATION>W</DESIGNATION>
      <D>683.5</D>
      <BF>253.7</BF>
      <TF>19</TF>
      <TW>12.4</TW>
      <A>17840</A>
      <I33>1.363E+09</I33>
      <Z33>4558000</Z33>
      <AS3>8033.833</AS3>
      <I22>5.183E+07</I22>
      <Z22>638000</Z22>
      <AS2>8475.4</AS2>
      <J>1700000</J>
      <S33POS>3988296</S33POS>
      <S33NEG>3988296</S33NEG>
      <S22POS>408592.8</S22POS>
      <S22NEG>408592.8</S22NEG>
      <R33>276.4079</R33>
      <R22>53.90055</R22>
  </STEEL_I_SECTION>

  <STEEL_I_SECTION>
      <LABEL>UB686X254X152</LABEL>
      <EDI_STD>UB686X254X152</EDI_STD>
      <DESIGNATION>W</DESIGNATION>
      <D>687.5</D>
      <BF>254.5</BF>
      <TF>21</TF>
      <TW>13.2</TW>
      <A>19410</A>
      <I33>1.504E+09</I33>
      <Z33>5000000</Z33>
      <AS3>8907.5</AS3>
      <I22>5.784E+07</I22>
      <Z22>710000</Z22>
      <AS2>9075</AS2>
      <J>2210000</J>
      <S33POS>4375273</S33POS>
      <S33NEG>4375273</S33NEG>
      <S22POS>454538.3</S22POS>
      <S22NEG>454538.3</S22NEG>
      <R33>278.3628</R33>
      <R22>54.58853</R22>
  </STEEL_I_SECTION>

  <STEEL_I_SECTION>
      <LABEL>UB686X254X170</LABEL>
      <EDI_STD>UB686X254X170</EDI_STD>
      <DESIGNATION>W</DESIGNATION>
      <D>692.9</D>
      <BF>255.8</BF>
      <TF>23.7</TF>
      <TW>14.5</TW>
      <A>21680</A>
      <I33>1.703E+09</I33>
      <Z33>5631000</Z33>
      <AS3>10104.1</AS3>
      <I22>6.63E+07</I22>
      <Z22>811000</Z22>
      <AS2>10047.05</AS2>
      <J>3100000</J>
      <S33POS>4915572</S33POS>
      <S33NEG>4915572</S33NEG>
      <S22POS>518373.7</S22POS>
      <S22NEG>518373.7</S22NEG>
      <R33>280.2707</R33>
      <R22>55.30025</R22>
  </STEEL_I_SECTION>

  <STEEL_I_SECTION>
      <LABEL>UB762X267X134</LABEL>
      <EDI_STD>UB762X267X134</EDI_STD>
      <DESIGNATION>W</DESIGNATION>
      <D>750</D>
      <BF>264.4</BF>
      <TF>15.5</TF>
      <TW>12</TW>
      <A>17060</A>
      <I33>1.507E+09</I33>
      <Z33>4644000</Z33>
      <AS3>6830.333</AS3>
      <I22>4.788E+07</I22>
      <Z22>569900</Z22>
      <AS2>9000</AS2>
      <J>1223000</J>
      <S33POS>4018667</S33POS>
      <S33NEG>4018667</S33NEG>
      <S22POS>362178.5</S22POS>
      <S22NEG>362178.5</S22NEG>
      <R33>297.2125</R33>
      <R22>52.97702</R22>
  </STEEL_I_SECTION>

  <STEEL_I_SECTION>
      <LABEL>UB762X267X147</LABEL>
      <EDI_STD>UB762X267X147</EDI_STD>
      <DESIGNATION>W</DESIGNATION>
      <D>754</D>
      <BF>265.2</BF>
      <TF>17.5</TF>
      <TW>12.8</TW>
      <A>18720</A>
      <I33>1.685E+09</I33>
      <Z33>5156000</Z33>
      <AS3>7735</AS3>
      <I22>5.455E+07</I22>
      <Z22>647000</Z22>
      <AS2>9651.2</AS2>
      <J>1620000</J>
      <S33POS>4469496</S33POS>
      <S33NEG>4469496</S33NEG>
      <S22POS>411387.6</S22POS>
      <S22NEG>411387.6</S22NEG>
      <R33>300.0178</R33>
      <R22>53.98144</R22>
  </STEEL_I_SECTION>

  <STEEL_I_SECTION>
      <LABEL>UB762X267X173</LABEL>
      <EDI_STD>UB762X267X173</EDI_STD>
      <DESIGNATION>W</DESIGNATION>
      <D>762.2</D>
      <BF>266.7</BF>
      <TF>21.6</TF>
      <TW>14.3</TW>
      <A>22040</A>
      <I33>2.053E+09</I33>
      <Z33>6198000</Z33>
      <AS3>9601.2</AS3>
      <I22>6.85E+07</I22>
      <Z22>808000</Z22>
      <AS2>10899.46</AS2>
      <J>2700000</J>
      <S33POS>5387038</S33POS>
      <S33NEG>5387038</S33NEG>
      <S22POS>513685.8</S22POS>
      <S22NEG>513685.8</S22NEG>
      <R33>305.2029</R33>
      <R22>55.74931</R22>
  </STEEL_I_SECTION>

  <STEEL_I_SECTION>
      <LABEL>UB762X267X197</LABEL>
      <EDI_STD>UB762X267X197</EDI_STD>
      <DESIGNATION>W</DESIGNATION>
      <D>769.8</D>
      <BF>268</BF>
      <TF>25.4</TF>
      <TW>15.6</TW>
      <A>25060</A>
      <I33>2.4E+09</I33>
      <Z33>7167000</Z33>
      <AS3>11345.33</AS3>
      <I22>8.175E+07</I22>
      <Z22>959000</Z22>
      <AS2>12008.88</AS2>
      <J>4070000</J>
      <S33POS>6235386</S33POS>
      <S33NEG>6235386</S33NEG>
      <S22POS>610074.6</S22POS>
      <S22NEG>610074.6</S22NEG>
      <R33>309.4675</R33>
      <R22>57.11542</R22>
  </STEEL_I_SECTION>

  <STEEL_I_SECTION>
      <LABEL>UB838X292X176</LABEL>
      <EDI_STD>UB838X292X176</EDI_STD>
      <DESIGNATION>W</DESIGNATION>
      <D>834.9</D>
      <BF>291.7</BF>
      <TF>18.8</TF>
      <TW>14</TW>
      <A>22400</A>
      <I33>2.46E+09</I33>
      <Z33>6808000</Z33>
      <AS3>9139.934</AS3>
      <I22>7.799E+07</I22>
      <Z22>842000</Z22>
      <AS2>11688.6</AS2>
      <J>2260000</J>
      <S33POS>5892921</S33POS>
      <S33NEG>5892921</S33NEG>
      <S22POS>534727.4</S22POS>
      <S22NEG>534727.4</S22NEG>
      <R33>331.3932</R33>
      <R22>59.0059</R22>
  </STEEL_I_SECTION>

  <STEEL_I_SECTION>
      <LABEL>UB838X292X194</LABEL>
      <EDI_STD>UB838X292X194</EDI_STD>
      <DESIGNATION>W</DESIGNATION>
      <D>840.7</D>
      <BF>292.4</BF>
      <TF>21.7</TF>
      <TW>14.7</TW>
      <A>24680</A>
      <I33>2.792E+09</I33>
      <Z33>7640000</Z33>
      <AS3>10575.13</AS3>
      <I22>9.066E+07</I22>
      <Z22>974000</Z22>
      <AS2>12358.29</AS2>
      <J>3100000</J>
      <S33POS>6642084</S33POS>
      <S33NEG>6642084</S33NEG>
      <S22POS>620109.4</S22POS>
      <S22NEG>620109.4</S22NEG>
      <R33>336.3451</R33>
      <R22>60.60874</R22>
  </STEEL_I_SECTION>

  <STEEL_I_SECTION>
      <LABEL>UB838X292X226</LABEL>
      <EDI_STD>UB838X292X226</EDI_STD>
      <DESIGNATION>W</DESIGNATION>
      <D>850.9</D>
      <BF>293.8</BF>
      <TF>26.8</TF>
      <TW>16.1</TW>
      <A>28860</A>
      <I33>3.397E+09</I33>
      <Z33>9155000</Z33>
      <AS3>13123.07</AS3>
      <I22>1.136E+08</I22>
      <Z22>1212000</Z22>
      <AS2>13699.49</AS2>
      <J>5170000</J>
      <S33POS>7984487</S33POS>
      <S33NEG>7984487</S33NEG>
      <S22POS>773315.2</S22POS>
      <S22NEG>773315.2</S22NEG>
      <R33>343.0833</R33>
      <R22>62.73949</R22>
  </STEEL_I_SECTION>

  <STEEL_I_SECTION>
      <LABEL>UB914X305X201</LABEL>
      <EDI_STD>UB914X305X201</EDI_STD>
      <DESIGNATION>W</DESIGNATION>
      <D>903</D>
      <BF>303.3</BF>
      <TF>20.2</TF>
      <TW>15.1</TW>
      <A>25590</A>
      <I33>3.253E+09</I33>
      <Z33>8351000</Z33>
      <AS3>10211.1</AS3>
      <I22>9.423E+07</I22>
      <Z22>982000</Z22>
      <AS2>13635.3</AS2>
      <J>2980000</J>
      <S33POS>7204873</S33POS>
      <S33NEG>7204873</S33NEG>
      <S22POS>621365</S22POS>
      <S22NEG>621365</S22NEG>
      <R33>356.5389</R33>
      <R22>60.68194</R22>
  </STEEL_I_SECTION>

  <STEEL_I_SECTION>
      <LABEL>UB914X305X224</LABEL>
      <EDI_STD>UB914X305X224</EDI_STD>
      <DESIGNATION>W</DESIGNATION>
      <D>910.4</D>
      <BF>304.1</BF>
      <TF>23.9</TF>
      <TW>15.9</TW>
      <A>28560</A>
      <I33>3.764E+09</I33>
      <Z33>9535000</Z33>
      <AS3>12113.32</AS3>
      <I22>1.124E+08</I22>
      <Z22>1163000</Z22>
      <AS2>14475.36</AS2>
      <J>4270000</J>
      <S33POS>8268893</S33POS>
      <S33NEG>8268893</S33NEG>
      <S22POS>739230.5</S22POS>
      <S22NEG>739230.5</S22NEG>
      <R33>363.0327</R33>
      <R22>62.73415</R22>
  </STEEL_I_SECTION>

  <STEEL_I_SECTION>
      <LABEL>UB914X305X238</LABEL>
      <EDI_STD>UB914X305X238</EDI_STD>
      <DESIGNATION>W</DESIGNATION>
      <D>915</D>
      <BF>305</BF>
      <TF>25.9</TF>
      <TW>16.5</TW>
      <A>30350</A>
      <I33>4.064E+09</I33>
      <Z33>1.023E+07</Z33>
      <AS3>13165.83</AS3>
      <I22>1.229E+08</I22>
      <Z22>1267000</Z22>
      <AS2>15097.5</AS2>
      <J>5188000</J>
      <S33POS>8883060</S33POS>
      <S33NEG>8883060</S33NEG>
      <S22POS>805901.6</S22POS>
      <S22NEG>805901.6</S22NEG>
      <R33>365.9296</R33>
      <R22>63.63508</R22>
  </STEEL_I_SECTION>

  <STEEL_I_SECTION>
      <LABEL>UB914X305X253</LABEL>
      <EDI_STD>UB914X305X253</EDI_STD>
      <DESIGNATION>W</DESIGNATION>
      <D>918.4</D>
      <BF>305.5</BF>
      <TF>27.9</TF>
      <TW>17.3</TW>
      <A>32280</A>
      <I33>4.363E+09</I33>
      <Z33>1.094E+07</Z33>
      <AS3>14205.75</AS3>
      <I22>1.33E+08</I22>
      <Z22>1371000</Z22>
      <AS2>15888.32</AS2>
      <J>6310000</J>
      <S33POS>9501306</S33POS>
      <S33NEG>9501306</S33NEG>
      <S22POS>870703.8</S22POS>
      <S22NEG>870703.8</S22NEG>
      <R33>367.6426</R33>
      <R22>64.18877</R22>
  </STEEL_I_SECTION>

  <STEEL_I_SECTION>
      <LABEL>UB914X305X271</LABEL>
      <EDI_STD>UB914X305X271</EDI_STD>
      <DESIGNATION>W</DESIGNATION>
      <D>923</D>
      <BF>307</BF>
      <TF>30</TF>
      <TW>18.4</TW>
      <A>34610</A>
      <I33>4.716E+09</I33>
      <Z33>1.178E+07</Z33>
      <AS3>15350</AS3>
      <I22>1.452E+08</I22>
      <Z22>1491000</Z22>
      <AS2>16983.2</AS2>
      <J>7750000</J>
      <S33POS>1.021885E+07</S33POS>
      <S33NEG>1.021885E+07</S33NEG>
      <S22POS>945928.3</S22POS>
      <S22NEG>945928.3</S22NEG>
      <R33>369.1357</R33>
      <R22>64.77129</R22>
  </STEEL_I_SECTION>

  <STEEL_I_SECTION>
      <LABEL>UB914X305X289</LABEL>
      <EDI_STD>UB914X305X289</EDI_STD>
      <DESIGNATION>W</DESIGNATION>
      <D>926.6</D>
      <BF>307.7</BF>
      <TF>32</TF>
      <TW>19.5</TW>
      <A>36830</A>
      <I33>5.042E+09</I33>
      <Z33>1.257E+07</Z33>
      <AS3>16410.67</AS3>
      <I22>1.56E+08</I22>
      <Z22>1601000</Z22>
      <AS2>18068.7</AS2>
      <J>9340000</J>
      <S33POS>1.08828E+07</S33POS>
      <S33NEG>1.08828E+07</S33NEG>
      <S22POS>1013975</S22POS>
      <S22NEG>1013975</S22NEG>
      <R33>369.999</R33>
      <R22>65.08208</R22>
  </STEEL_I_SECTION>

  <STEEL_I_SECTION>
      <LABEL>UB914X305X313</LABEL>
      <EDI_STD>UB914X305X313</EDI_STD>
      <DESIGNATION>W</DESIGNATION>
      <D>932</D>
      <BF>309</BF>
      <TF>34.5</TF>
      <TW>21.1</TW>
      <A>39840</A>
      <I33>5.482E+09</I33>
      <Z33>1.363E+07</Z33>
      <AS3>17767.5</AS3>
      <I22>1.704E+08</I22>
      <Z22>1748000</Z22>
      <AS2>19665.2</AS2>
      <J>1.171E+07</J>
      <S33POS>1.176395E+07</S33POS>
      <S33NEG>1.176395E+07</S33NEG>
      <S22POS>1102913</S22POS>
      <S22NEG>1102913</S22NEG>
      <R33>370.9453</R33>
      <R22>65.3996</R22>
  </STEEL_I_SECTION>

  <STEEL_I_SECTION>
      <LABEL>UB914X305X345</LABEL>
      <EDI_STD>UB914X305X345</EDI_STD>
      <DESIGNATION>W</DESIGNATION>
      <D>943</D>
      <BF>308</BF>
      <TF>39.9</TF>
      <TW>22.1</TW>
      <A>43970</A>
      <I33>6.256E+09</I33>
      <Z33>1.535E+07</Z33>
      <AS3>20482</AS3>
      <I22>1.952E+08</I22>
      <Z22>2003000</Z22>
      <AS2>20840.3</AS2>
      <J>1.658E+07</J>
      <S33POS>1.326829E+07</S33POS>
      <S33NEG>1.326829E+07</S33NEG>
      <S22POS>1267533</S22POS>
      <S22NEG>1267533</S22NEG>
      <R33>377.1987</R33>
      <R22>66.62875</R22>
  </STEEL_I_SECTION>

  <STEEL_I_SECTION>
      <LABEL>UB914X305X381</LABEL>
      <EDI_STD>UB914X305X381</EDI_STD>
      <DESIGNATION>W</DESIGNATION>
      <D>951</D>
      <BF>310</BF>
      <TF>43.9</TF>
      <TW>24.4</TW>
      <A>48590</A>
      <I33>6.968E+09</I33>
      <Z33>1.702E+07</Z33>
      <AS3>22681.67</AS3>
      <I22>2.191E+08</I22>
      <Z22>2243000</Z22>
      <AS2>23204.4</AS2>
      <J>2.213E+07</J>
      <S33POS>1.465405E+07</S33POS>
      <S33NEG>1.465405E+07</S33NEG>
      <S22POS>1413548</S22POS>
      <S22NEG>1413548</S22NEG>
      <R33>378.6872</R33>
      <R22>67.15027</R22>
  </STEEL_I_SECTION>

  <STEEL_I_SECTION>
      <LABEL>UB914X305X425</LABEL>
      <EDI_STD>UB914X305X425</EDI_STD>
      <DESIGNATION>W</DESIGNATION>
      <D>961</D>
      <BF>313</BF>
      <TF>49</TF>
      <TW>26.9</TW>
      <A>54200</A>
      <I33>7.882E+09</I33>
      <Z33>1.913E+07</Z33>
      <AS3>25561.67</AS3>
      <I22>2.519E+08</I22>
      <Z22>2562000</Z22>
      <AS2>25850.9</AS2>
      <J>3.054E+07</J>
      <S33POS>1.640375E+07</S33POS>
      <S33NEG>1.640375E+07</S33NEG>
      <S22POS>1609585</S22POS>
      <S22NEG>1609585</S22NEG>
      <R33>381.3455</R33>
      <R22>68.17332</R22>
  </STEEL_I_SECTION>

  <STEEL_I_SECTION>
      <LABEL>UB914X305X474</LABEL>
      <EDI_STD>UB914X305X474</EDI_STD>
      <DESIGNATION>W</DESIGNATION>
      <D>971</D>
      <BF>316</BF>
      <TF>54.1</TF>
      <TW>30</TW>
      <A>60390</A>
      <I33>8.857E+09</I33>
      <Z33>2.139E+07</Z33>
      <AS3>28492.67</AS3>
      <I22>2.866E+08</I22>
      <Z22>2901000</Z22>
      <AS2>29130</AS2>
      <J>4.147E+07</J>
      <S33POS>1.824305E+07</S33POS>
      <S33NEG>1.824305E+07</S33NEG>
      <S22POS>1813924</S22POS>
      <S22NEG>1813924</S22NEG>
      <R33>382.9665</R33>
      <R22>68.8899</R22>
  </STEEL_I_SECTION>

  <STEEL_I_SECTION>
      <LABEL>UB914X305X521</LABEL>
      <EDI_STD>UB914X305X521</EDI_STD>
      <DESIGNATION>W</DESIGNATION>
      <D>981</D>
      <BF>319</BF>
      <TF>58.9</TF>
      <TW>33</TW>
      <A>66370</A>
      <I33>9.824E+09</I33>
      <Z33>2.361E+07</Z33>
      <AS3>31315.17</AS3>
      <I22>3.214E+08</I22>
      <Z22>3238000</Z22>
      <AS2>32373</AS2>
      <J>5.405E+07</J>
      <S33POS>2.002854E+07</S33POS>
      <S33NEG>2.002854E+07</S33NEG>
      <S22POS>2015047</S22POS>
      <S22NEG>2015047</S22NEG>
      <R33>384.732</R33>
      <R22>69.58842</R22>
  </STEEL_I_SECTION>

  <STEEL_I_SECTION>
      <LABEL>UB914X305X576</LABEL>
      <EDI_STD>UB914X305X576</EDI_STD>
      <DESIGNATION>W</DESIGNATION>
      <D>993</D>
      <BF>322</BF>
      <TF>65</TF>
      <TW>36.1</TW>
      <A>73320</A>
      <I33>1.102E+10</I33>
      <Z33>2.628E+07</Z33>
      <AS3>34883.33</AS3>
      <I22>3.652E+08</I22>
      <Z22>3658000</Z22>
      <AS2>35847.3</AS2>
      <J>7.227E+07</J>
      <S33POS>2.219537E+07</S33POS>
      <S33NEG>2.219537E+07</S33NEG>
      <S22POS>2268323</S22POS>
      <S22NEG>2268323</S22NEG>
      <R33>387.6855</R33>
      <R22>70.57553</R22>
  </STEEL_I_SECTION>

  <STEEL_I_SECTION>
      <LABEL>UB914X419X343</LABEL>
      <EDI_STD>UB914X419X343</EDI_STD>
      <DESIGNATION>W</DESIGNATION>
      <D>911.8</D>
      <BF>418.5</BF>
      <TF>32</TF>
      <TW>19.4</TW>
      <A>43730</A>
      <I33>6.258E+09</I33>
      <Z33>1.548E+07</Z33>
      <AS3>22320</AS3>
      <I22>3.916E+08</I22>
      <Z22>2890000</Z22>
      <AS2>17688.92</AS2>
      <J>1.199E+07</J>
      <S33POS>1.372669E+07</S33POS>
      <S33NEG>1.372669E+07</S33NEG>
      <S22POS>1871446</S22POS>
      <S22NEG>1871446</S22NEG>
      <R33>378.2928</R33>
      <R22>94.6306</R22>
  </STEEL_I_SECTION>

  <STEEL_I_SECTION>
      <LABEL>UB914X419X388</LABEL>
      <EDI_STD>UB914X419X388</EDI_STD>
      <DESIGNATION>W</DESIGNATION>
      <D>921</D>
      <BF>420.5</BF>
      <TF>36.6</TF>
      <TW>21.4</TW>
      <A>49420</A>
      <I33>7.196E+09</I33>
      <Z33>1.767E+07</Z33>
      <AS3>25650.5</AS3>
      <I22>4.544E+08</I22>
      <Z22>3341000</Z22>
      <AS2>19709.4</AS2>
      <J>1.741E+07</J>
      <S33POS>1.562649E+07</S33POS>
      <S33NEG>1.562649E+07</S33NEG>
      <S22POS>2161237</S22POS>
      <S22NEG>2161237</S22NEG>
      <R33>381.5876</R33>
      <R22>95.88878</R22>
  </STEEL_I_SECTION>

  <STEEL_I_SECTION>
      <LABEL>UB1016X305X222</LABEL>
      <EDI_STD>UB1016X305X222</EDI_STD>
      <DESIGNATION>W</DESIGNATION>
      <D>970.3</D>
      <BF>300</BF>
      <TF>21.1</TF>
      <TW>16</TW>
      <A>28280</A>
      <I33>4.077E+09</I33>
      <Z33>9803000</Z33>
      <AS3>10550</AS3>
      <I22>9.546E+07</I22>
      <Z22>1020000</Z22>
      <AS2>15524.8</AS2>
      <J>4060000</J>
      <S33POS>8403586</S33POS>
      <S33NEG>8403586</S33NEG>
      <S22POS>636400</S22POS>
      <S22NEG>636400</S22NEG>
      <R33>379.6913</R33>
      <R22>58.09932</R22>
  </STEEL_I_SECTION>

  <STEEL_I_SECTION>
      <LABEL>UB1016X305X249</LABEL>
      <EDI_STD>UB1016X305X249</EDI_STD>
      <DESIGNATION>W</DESIGNATION>
      <D>980</D>
      <BF>300</BF>
      <TF>26</TF>
      <TW>16.5</TW>
      <A>31680</A>
      <I33>4.811E+09</I33>
      <Z33>1.135E+07</Z33>
      <AS3>13000</AS3>
      <I22>1.175E+08</I22>
      <Z22>1245000</Z22>
      <AS2>16170</AS2>
      <J>5840000</J>
      <S33POS>9818367</S33POS>
      <S33NEG>9818367</S33NEG>
      <S22POS>783333.3</S22POS>
      <S22NEG>783333.3</S22NEG>
      <R33>389.6952</R33>
      <R22>60.90127</R22>
  </STEEL_I_SECTION>

  <STEEL_I_SECTION>
      <LABEL>UB1016X305X272</LABEL>
      <EDI_STD>UB1016X305X272</EDI_STD>
      <DESIGNATION>W</DESIGNATION>
      <D>990.1</D>
      <BF>300</BF>
      <TF>31</TF>
      <TW>16.5</TW>
      <A>34680</A>
      <I33>5.538E+09</I33>
      <Z33>1.282E+07</Z33>
      <AS3>15500</AS3>
      <I22>1.4E+08</I22>
      <Z22>1470000</Z22>
      <AS2>16336.65</AS2>
      <J>8220000</J>
      <S33POS>1.118675E+07</S33POS>
      <S33NEG>1.118675E+07</S33NEG>
      <S22POS>933333.3</S22POS>
      <S22NEG>933333.3</S22NEG>
      <R33>399.6105</R33>
      <R22>63.53667</R22>
  </STEEL_I_SECTION>

  <STEEL_I_SECTION>
      <LABEL>UB1016X305X314</LABEL>
      <EDI_STD>UB1016X305X314</EDI_STD>
      <DESIGNATION>W</DESIGNATION>
      <D>1000</D>
      <BF>300</BF>
      <TF>35.9</TF>
      <TW>19.1</TW>
      <A>40040</A>
      <I33>6.442E+09</I33>
      <Z33>1.485E+07</Z33>
      <AS3>17950</AS3>
      <I22>1.623E+08</I22>
      <Z22>1713000</Z22>
      <AS2>19100</AS2>
      <J>1.252E+07</J>
      <S33POS>1.2884E+07</S33POS>
      <S33NEG>1.2884E+07</S33NEG>
      <S22POS>1082000</S22POS>
      <S22NEG>1082000</S22NEG>
      <R33>401.1098</R33>
      <R22>63.66668</R22>
  </STEEL_I_SECTION>

  <STEEL_I_SECTION>
      <LABEL>UB1016X305X350</LABEL>
      <EDI_STD>UB1016X305X350</EDI_STD>
      <DESIGNATION>W</DESIGNATION>
      <D>1008.1</D>
      <BF>302</BF>
      <TF>40</TF>
      <TW>21.1</TW>
      <A>44510</A>
      <I33>7.23E+09</I33>
      <Z33>1.659E+07</Z33>
      <AS3>20133.33</AS3>
      <I22>1.846E+08</I22>
      <Z22>1941000</Z22>
      <AS2>21270.91</AS2>
      <J>1.707E+07</J>
      <S33POS>1.434382E+07</S33POS>
      <S33NEG>1.434382E+07</S33NEG>
      <S22POS>1222517</S22POS>
      <S22NEG>1222517</S22NEG>
      <R33>403.0328</R33>
      <R22>64.40018</R22>
  </STEEL_I_SECTION>

  <STEEL_I_SECTION>
      <LABEL>UB1016X305X393</LABEL>
      <EDI_STD>UB1016X305X393</EDI_STD>
      <DESIGNATION>W</DESIGNATION>
      <D>1016</D>
      <BF>303</BF>
      <TF>43.9</TF>
      <TW>24.4</TW>
      <A>50020</A>
      <I33>8.077E+09</I33>
      <Z33>1.854E+07</Z33>
      <AS3>22169.5</AS3>
      <I22>2.05E+08</I22>
      <Z22>2168000</Z22>
      <AS2>24790.4</AS2>
      <J>2.332E+07</J>
      <S33POS>1.589961E+07</S33POS>
      <S33NEG>1.589961E+07</S33NEG>
      <S22POS>1353135</S22POS>
      <S22NEG>1353135</S22NEG>
      <R33>401.84</R33>
      <R22>64.01844</R22>
  </STEEL_I_SECTION>

  <STEEL_I_SECTION>
      <LABEL>UB1016X305X415</LABEL>
      <EDI_STD>UB1016X305X415</EDI_STD>
      <DESIGNATION>W</DESIGNATION>
      <D>1020</D>
      <BF>304</BF>
      <TF>46</TF>
      <TW>26</TW>
      <A>52870</A>
      <I33>8.531E+09</I33>
      <Z33>1.957E+07</Z33>
      <AS3>23306.67</AS3>
      <I22>2.171E+08</I22>
      <Z22>2298000</Z22>
      <AS2>26520</AS2>
      <J>2.713E+07</J>
      <S33POS>1.672745E+07</S33POS>
      <S33NEG>1.672745E+07</S33NEG>
      <S22POS>1428290</S22POS>
      <S22NEG>1428290</S22NEG>
      <R33>401.694</R33>
      <R22>64.08041</R22>
  </STEEL_I_SECTION>

  <STEEL_I_SECTION>
      <LABEL>UB1016X305X438</LABEL>
      <EDI_STD>UB1016X305X438</EDI_STD>
      <DESIGNATION>W</DESIGNATION>
      <D>1026</D>
      <BF>305</BF>
      <TF>49</TF>
      <TW>26.9</TW>
      <A>55630</A>
      <I33>9.092E+09</I33>
      <Z33>2.075E+07</Z33>
      <AS3>24908.33</AS3>
      <I22>2.336E+08</I22>
      <Z22>2463000</Z22>
      <AS2>27599.4</AS2>
      <J>3.19E+07</J>
      <S33POS>1.77232E+07</S33POS>
      <S33NEG>1.77232E+07</S33NEG>
      <S22POS>1531803</S22POS>
      <S22NEG>1531803</S22NEG>
      <R33>404.2734</R33>
      <R22>64.80103</R22>
  </STEEL_I_SECTION>

  <STEEL_I_SECTION>
      <LABEL>UB1016X305X494</LABEL>
      <EDI_STD>UB1016X305X494</EDI_STD>
      <DESIGNATION>W</DESIGNATION>
      <D>1036</D>
      <BF>309</BF>
      <TF>54</TF>
      <TW>31</TW>
      <A>62910</A>
      <I33>1.028E+10</I33>
      <Z33>2.341E+07</Z33>
      <AS3>27810</AS3>
      <I22>2.682E+08</I22>
      <Z22>2818000</Z22>
      <AS2>32116</AS2>
      <J>4.433E+07</J>
      <S33POS>1.984556E+07</S33POS>
      <S33NEG>1.984556E+07</S33NEG>
      <S22POS>1735922</S22POS>
      <S22NEG>1735922</S22NEG>
      <R33>404.2376</R33>
      <R22>65.29344</R22>
  </STEEL_I_SECTION>

  <STEEL_I_SECTION>
      <LABEL>UB1016X305X584</LABEL>
      <EDI_STD>UB1016X305X584</EDI_STD>
      <DESIGNATION>W</DESIGNATION>
      <D>1056</D>
      <BF>314</BF>
      <TF>64</TF>
      <TW>36</TW>
      <A>74370</A>
      <I33>1.246E+10</I33>
      <Z33>2.804E+07</Z33>
      <AS3>33493.33</AS3>
      <I22>3.343E+08</I22>
      <Z22>3475000</Z22>
      <AS2>38016</AS2>
      <J>7.23E+07</J>
      <S33POS>2.359849E+07</S33POS>
      <S33NEG>2.359849E+07</S33NEG>
      <S22POS>2129299</S22POS>
      <S22NEG>2129299</S22NEG>
      <R33>409.3173</R33>
      <R22>67.04545</R22>
  </STEEL_I_SECTION>

  <STEEL_I_SECTION>
      <LABEL>UB1016X305X642</LABEL>
      <EDI_STD>UB1016X305X642</EDI_STD>
      <DESIGNATION>W</DESIGNATION>
      <D>1048</D>
      <BF>412</BF>
      <TF>60</TF>
      <TW>34</TW>
      <A>81760</A>
      <I33>1.451E+10</I33>
      <Z33>3.21E+07</Z33>
      <AS3>41200</AS3>
      <I22>7.028E+08</I22>
      <Z22>5379000</Z22>
      <AS2>35632</AS2>
      <J>7.44E+07</J>
      <S33POS>2.769084E+07</S33POS>
      <S33NEG>2.769084E+07</S33NEG>
      <S22POS>3411651</S22POS>
      <S22NEG>3411651</S22NEG>
      <R33>421.2726</R33>
      <R22>92.71403</R22>
  </STEEL_I_SECTION>

  <STEEL_I_SECTION>
      <LABEL>UB1016X305X748</LABEL>
      <EDI_STD>UB1016X305X748</EDI_STD>
      <DESIGNATION>W</DESIGNATION>
      <D>1068</D>
      <BF>417</BF>
      <TF>70</TF>
      <TW>39</TW>
      <A>95340</A>
      <I33>1.732E+10</I33>
      <Z33>3.788E+07</Z33>
      <AS3>48650</AS3>
      <I22>8.511E+08</I22>
      <Z22>6459000</Z22>
      <AS2>41652</AS2>
      <J>1.167E+08</J>
      <S33POS>3.243446E+07</S33POS>
      <S33NEG>3.243446E+07</S33NEG>
      <S22POS>4082015</S22POS>
      <S22NEG>4082015</S22NEG>
      <R33>426.2225</R33>
      <R22>94.4828</R22>
  </STEEL_I_SECTION>

  <STEEL_I_SECTION>
      <LABEL>UB1016X305X883</LABEL>
      <EDI_STD>UB1016X305X883</EDI_STD>
      <DESIGNATION>W</DESIGNATION>
      <D>1092</D>
      <BF>424</BF>
      <TF>82</TF>
      <TW>45.5</TW>
      <A>112530</A>
      <I33>2.096E+10</I33>
      <Z33>4.526E+07</Z33>
      <AS3>57946.67</AS3>
      <I22>1.05E+09</I22>
      <Z22>7874000</Z22>
      <AS2>49686</AS2>
      <J>1.875E+08</J>
      <S33POS>3.838828E+07</S33POS>
      <S33NEG>3.838828E+07</S33NEG>
      <S22POS>4952830</S22POS>
      <S22NEG>4952830</S22NEG>
      <R33>431.5802</R33>
      <R22>96.5963</R22>
  </STEEL_I_SECTION>

  <STEEL_I_SECTION>
      <LABEL>UB1016X305X976</LABEL>
      <EDI_STD>UB1016X305X976</EDI_STD>
      <DESIGNATION>W</DESIGNATION>
      <D>1108</D>
      <BF>428</BF>
      <TF>89.9</TF>
      <TW>50</TW>
      <A>124270</A>
      <I33>2.349E+10</I33>
      <Z33>5.03E+07</Z33>
      <AS3>64128.67</AS3>
      <I22>1.185E+09</I22>
      <Z22>8839000</Z22>
      <AS2>55400</AS2>
      <J>2.477E+08</J>
      <S33POS>4.240072E+07</S33POS>
      <S33NEG>4.240072E+07</S33NEG>
      <S22POS>5537383</S22POS>
      <S22NEG>5537383</S22NEG>
      <R33>434.7688</R33>
      <R22>97.65085</R22>
  </STEEL_I_SECTION>

  <STEEL_I_SECTION>
      <LABEL>UC152X152X23</LABEL>
      <EDI_STD>UC152X152X23</EDI_STD>
      <DESIGNATION>W</DESIGNATION>
      <D>152.4</D>
      <BF>152.2</BF>
      <TF>6.8</TF>
      <TW>5.8</TW>
      <A>2925</A>
      <I33>1.25E+07</I33>
      <Z33>182000</Z33>
      <AS3>1724.933</AS3>
      <I22>4000000</I22>
      <Z22>80200</Z22>
      <AS2>883.92</AS2>
      <J>48600</J>
      <S33POS>164042</S33POS>
      <S33NEG>164042</S33NEG>
      <S22POS>52562.42</S22POS>
      <S22NEG>52562.42</S22NEG>
      <R33>65.37205</R33>
      <R22>36.98001</R22>
  </STEEL_I_SECTION>

  <STEEL_I_SECTION>
      <LABEL>UC152X152X30</LABEL>
      <EDI_STD>UC152X152X30</EDI_STD>
      <DESIGNATION>W</DESIGNATION>
      <D>157.6</D>
      <BF>152.9</BF>
      <TF>9.4</TF>
      <TW>6.5</TW>
      <A>3826</A>
      <I33>1.748E+07</I33>
      <Z33>248000</Z33>
      <AS3>2395.433</AS3>
      <I22>5610000</I22>
      <Z22>112000</Z22>
      <AS2>1024.4</AS2>
      <J>107000</J>
      <S33POS>221827.4</S33POS>
      <S33NEG>221827.4</S33NEG>
      <S22POS>73381.3</S22POS>
      <S22NEG>73381.3</S22NEG>
      <R33>67.59245</R33>
      <R22>38.29208</R22>
  </STEEL_I_SECTION>

  <STEEL_I_SECTION>
      <LABEL>UC152X152X37</LABEL>
      <EDI_STD>UC152X152X37</EDI_STD>
      <DESIGNATION>W</DESIGNATION>
      <D>161.8</D>
      <BF>154.4</BF>
      <TF>11.5</TF>
      <TW>8</TW>
      <A>4711</A>
      <I33>2.21E+07</I33>
      <Z33>309000</Z33>
      <AS3>2959.333</AS3>
      <I22>7060000</I22>
      <Z22>140000</Z22>
      <AS2>1294.4</AS2>
      <J>195000</J>
      <S33POS>273176.8</S33POS>
      <S33NEG>273176.8</S33NEG>
      <S22POS>91450.78</S22POS>
      <S22NEG>91450.78</S22NEG>
      <R33>68.49196</R33>
      <R22>38.71202</R22>
  </STEEL_I_SECTION>

  <STEEL_I_SECTION>
      <LABEL>UC203X203X46</LABEL>
      <EDI_STD>UC203X203X46</EDI_STD>
      <DESIGNATION>W</DESIGNATION>
      <D>203.2</D>
      <BF>203.6</BF>
      <TF>11</TF>
      <TW>7.2</TW>
      <A>5873</A>
      <I33>4.568E+07</I33>
      <Z33>497000</Z33>
      <AS3>3732.667</AS3>
      <I22>1.548E+07</I22>
      <Z22>231000</Z22>
      <AS2>1463.04</AS2>
      <J>223000</J>
      <S33POS>449606.3</S33POS>
      <S33NEG>449606.3</S33NEG>
      <S22POS>152062.9</S22POS>
      <S22NEG>152062.9</S22NEG>
      <R33>88.19278</R33>
      <R22>51.33995</R22>
  </STEEL_I_SECTION>

  <STEEL_I_SECTION>
      <LABEL>UC203X203X52</LABEL>
      <EDI_STD>UC203X203X52</EDI_STD>
      <DESIGNATION>W</DESIGNATION>
      <D>206.2</D>
      <BF>204.3</BF>
      <TF>12.5</TF>
      <TW>7.9</TW>
      <A>6628</A>
      <I33>5.259E+07</I33>
      <Z33>567000</Z33>
      <AS3>4256.25</AS3>
      <I22>1.778E+07</I22>
      <Z22>264000</Z22>
      <AS2>1628.98</AS2>
      <J>320000</J>
      <S33POS>510087.3</S33POS>
      <S33NEG>510087.3</S33NEG>
      <S22POS>174057.8</S22POS>
      <S22NEG>174057.8</S22NEG>
      <R33>89.07592</R33>
      <R22>51.79343</R22>
  </STEEL_I_SECTION>

  <STEEL_I_SECTION>
      <LABEL>UC203X203X60</LABEL>
      <EDI_STD>UC203X203X60</EDI_STD>
      <DESIGNATION>W</DESIGNATION>
      <D>209.6</D>
      <BF>205.8</BF>
      <TF>14.2</TF>
      <TW>9.4</TW>
      <A>7637</A>
      <I33>6.125E+07</I33>
      <Z33>656000</Z33>
      <AS3>4870.6</AS3>
      <I22>2.065E+07</I22>
      <Z22>305000</Z22>
      <AS2>1970.24</AS2>
      <J>478000</J>
      <S33POS>584446.6</S33POS>
      <S33NEG>584446.6</S33NEG>
      <S22POS>200680.3</S22POS>
      <S22NEG>200680.3</S22NEG>
      <R33>89.55537</R33>
      <R22>51.99944</R22>
  </STEEL_I_SECTION>

  <STEEL_I_SECTION>
      <LABEL>UC203X203X71</LABEL>
      <EDI_STD>UC203X203X71</EDI_STD>
      <DESIGNATION>W</DESIGNATION>
      <D>215.8</D>
      <BF>206.4</BF>
      <TF>17.3</TF>
      <TW>10</TW>
      <A>9043</A>
      <I33>7.618E+07</I33>
      <Z33>799000</Z33>
      <AS3>5951.2</AS3>
      <I22>2.537E+07</I22>
      <Z22>374000</Z22>
      <AS2>2158</AS2>
      <J>806000</J>
      <S33POS>706024.1</S33POS>
      <S33NEG>706024.1</S33NEG>
      <S22POS>245833.3</S22POS>
      <S22NEG>245833.3</S22NEG>
      <R33>91.78342</R33>
      <R22>52.96683</R22>
  </STEEL_I_SECTION>

  <STEEL_I_SECTION>
      <LABEL>UC203X203X86</LABEL>
      <EDI_STD>UC203X203X86</EDI_STD>
      <DESIGNATION>W</DESIGNATION>
      <D>222.2</D>
      <BF>209.1</BF>
      <TF>20.5</TF>
      <TW>12.7</TW>
      <A>10960</A>
      <I33>9.449E+07</I33>
      <Z33>977000</Z33>
      <AS3>7144.25</AS3>
      <I22>3.127E+07</I22>
      <Z22>456000</Z22>
      <AS2>2821.94</AS2>
      <J>1380000</J>
      <S33POS>850495.1</S33POS>
      <S33NEG>850495.1</S33NEG>
      <S22POS>299091.3</S22POS>
      <S22NEG>299091.3</S22NEG>
      <R33>92.85123</R33>
      <R22>53.41444</R22>
  </STEEL_I_SECTION>

  <STEEL_I_SECTION>
      <LABEL>UC254X254X73</LABEL>
      <EDI_STD>UC254X254X73</EDI_STD>
      <DESIGNATION>W</DESIGNATION>
      <D>254.1</D>
      <BF>254.6</BF>
      <TF>14.2</TF>
      <TW>8.6</TW>
      <A>9310</A>
      <I33>1.141E+08</I33>
      <Z33>992000</Z33>
      <AS3>6025.533</AS3>
      <I22>3.908E+07</I22>
      <Z22>465000</Z22>
      <AS2>2185.26</AS2>
      <J>577000</J>
      <S33POS>898071.6</S33POS>
      <S33NEG>898071.6</S33NEG>
      <S22POS>306991.3</S22POS>
      <S22NEG>306991.3</S22NEG>
      <R33>110.7052</R33>
      <R22>64.78917</R22>
  </STEEL_I_SECTION>

  <STEEL_I_SECTION>
      <LABEL>UC254X254X89</LABEL>
      <EDI_STD>UC254X254X89</EDI_STD>
      <DESIGNATION>W</DESIGNATION>
      <D>260.3</D>
      <BF>256.3</BF>
      <TF>17.3</TF>
      <TW>10.3</TW>
      <A>11330</A>
      <I33>1.427E+08</I33>
      <Z33>1224000</Z33>
      <AS3>7389.983</AS3>
      <I22>4.857E+07</I22>
      <Z22>575000</Z22>
      <AS2>2681.09</AS2>
      <J>1030000</J>
      <S33POS>1096427</S33POS>
      <S33NEG>1096427</S33NEG>
      <S22POS>379009</S22POS>
      <S22NEG>379009</S22NEG>
      <R33>112.2269</R33>
      <R22>65.47404</R22>
  </STEEL_I_SECTION>

  <STEEL_I_SECTION>
      <LABEL>UC254X254X107</LABEL>
      <EDI_STD>UC254X254X107</EDI_STD>
      <DESIGNATION>W</DESIGNATION>
      <D>266.7</D>
      <BF>258.8</BF>
      <TF>20.5</TF>
      <TW>12.8</TW>
      <A>13640</A>
      <I33>1.751E+08</I33>
      <Z33>1484000</Z33>
      <AS3>8842.333</AS3>
      <I22>5.928E+07</I22>
      <Z22>697000</Z22>
      <AS2>3413.76</AS2>
      <J>1740000</J>
      <S33POS>1313086</S33POS>
      <S33NEG>1313086</S33NEG>
      <S22POS>458114.4</S22POS>
      <S22NEG>458114.4</S22NEG>
      <R33>113.3016</R33>
      <R22>65.92451</R22>
  </STEEL_I_SECTION>

  <STEEL_I_SECTION>
      <LABEL>UC254X254X132</LABEL>
      <EDI_STD>UC254X254X132</EDI_STD>
      <DESIGNATION>W</DESIGNATION>
      <D>276.3</D>
      <BF>261.3</BF>
      <TF>25.3</TF>
      <TW>15.3</TW>
      <A>16810</A>
      <I33>2.253E+08</I33>
      <Z33>1869000</Z33>
      <AS3>11018.15</AS3>
      <I22>7.531E+07</I22>
      <Z22>878000</Z22>
      <AS2>4227.39</AS2>
      <J>3220000</J>
      <S33POS>1630836</S33POS>
      <S33NEG>1630836</S33NEG>
      <S22POS>576425.6</S22POS>
      <S22NEG>576425.6</S22NEG>
      <R33>115.7702</R33>
      <R22>66.93333</R22>
  </STEEL_I_SECTION>

  <STEEL_I_SECTION>
      <LABEL>UC254X254X167</LABEL>
      <EDI_STD>UC254X254X167</EDI_STD>
      <DESIGNATION>W</DESIGNATION>
      <D>289.1</D>
      <BF>265.2</BF>
      <TF>31.7</TF>
      <TW>19.2</TW>
      <A>21290</A>
      <I33>3E+08</I33>
      <Z33>2424000</Z33>
      <AS3>14011.4</AS3>
      <I22>9.87E+07</I22>
      <Z22>1137000</Z22>
      <AS2>5550.72</AS2>
      <J>6340000</J>
      <S33POS>2075406</S33POS>
      <S33NEG>2075406</S33NEG>
      <S22POS>744343.9</S22POS>
      <S22NEG>744343.9</S22NEG>
      <R33>118.706</R33>
      <R22>68.08803</R22>
  </STEEL_I_SECTION>

  <STEEL_I_SECTION>
      <LABEL>UC305X305X97</LABEL>
      <EDI_STD>UC305X305X97</EDI_STD>
      <DESIGNATION>W</DESIGNATION>
      <D>307.9</D>
      <BF>305.3</BF>
      <TF>15.4</TF>
      <TW>9.9</TW>
      <A>12340</A>
      <I33>2.225E+08</I33>
      <Z33>1592000</Z33>
      <AS3>7836.033</AS3>
      <I22>7.308E+07</I22>
      <Z22>726000</Z22>
      <AS2>3048.21</AS2>
      <J>918000</J>
      <S33POS>1445275</S33POS>
      <S33NEG>1445275</S33NEG>
      <S22POS>478742.3</S22POS>
      <S22NEG>478742.3</S22NEG>
      <R33>134.2788</R33>
      <R22>76.95586</R22>
  </STEEL_I_SECTION>

  <STEEL_I_SECTION>
      <LABEL>UC305X305X118</LABEL>
      <EDI_STD>UC305X305X118</EDI_STD>
      <DESIGNATION>W</DESIGNATION>
      <D>314.5</D>
      <BF>307.4</BF>
      <TF>18.7</TF>
      <TW>12</TW>
      <A>15020</A>
      <I33>2.767E+08</I33>
      <Z33>1958000</Z33>
      <AS3>9580.634</AS3>
      <I22>9.059E+07</I22>
      <Z22>895000</Z22>
      <AS2>3774</AS2>
      <J>1620000</J>
      <S33POS>1759619</S33POS>
      <S33NEG>1759619</S33NEG>
      <S22POS>589394.9</S22POS>
      <S22NEG>589394.9</S22NEG>
      <R33>135.7281</R33>
      <R22>77.66139</R22>
  </STEEL_I_SECTION>

  <STEEL_I_SECTION>
      <LABEL>UC305X305X137</LABEL>
      <EDI_STD>UC305X305X137</EDI_STD>
      <DESIGNATION>W</DESIGNATION>
      <D>320.5</D>
      <BF>309.2</BF>
      <TF>21.7</TF>
      <TW>13.8</TW>
      <A>17440</A>
      <I33>3.281E+08</I33>
      <Z33>2297000</Z33>
      <AS3>11182.73</AS3>
      <I22>1.07E+08</I22>
      <Z22>1053000</Z22>
      <AS2>4422.9</AS2>
      <J>2510000</J>
      <S33POS>2047426</S33POS>
      <S33NEG>2047426</S33NEG>
      <S22POS>692108.6</S22POS>
      <S22NEG>692108.6</S22NEG>
      <R33>137.1608</R33>
      <R22>78.32829</R22>
  </STEEL_I_SECTION>

  <STEEL_I_SECTION>
      <LABEL>UC305X305X158</LABEL>
      <EDI_STD>UC305X305X158</EDI_STD>
      <DESIGNATION>W</DESIGNATION>
      <D>327.1</D>
      <BF>311.2</BF>
      <TF>25</TF>
      <TW>15.8</TW>
      <A>20140</A>
      <I33>3.875E+08</I33>
      <Z33>2680000</Z33>
      <AS3>12966.67</AS3>
      <I22>1.257E+08</I22>
      <Z22>1230000</Z22>
      <AS2>5168.18</AS2>
      <J>3820000</J>
      <S33POS>2369306</S33POS>
      <S33NEG>2369306</S33NEG>
      <S22POS>807840.6</S22POS>
      <S22NEG>807840.6</S22NEG>
      <R33>138.7095</R33>
      <R22>79.00197</R22>
  </STEEL_I_SECTION>

  <STEEL_I_SECTION>
      <LABEL>UC305X305X198</LABEL>
      <EDI_STD>UC305X305X198</EDI_STD>
      <DESIGNATION>W</DESIGNATION>
      <D>339.9</D>
      <BF>314.5</BF>
      <TF>31.4</TF>
      <TW>19.1</TW>
      <A>25240</A>
      <I33>5.09E+08</I33>
      <Z33>3440000</Z33>
      <AS3>16458.83</AS3>
      <I22>1.63E+08</I22>
      <Z22>1581000</Z22>
      <AS2>6492.09</AS2>
      <J>7410000</J>
      <S33POS>2994999</S33POS>
      <S33NEG>2994999</S33NEG>
      <S22POS>1036566</S22POS>
      <S22NEG>1036566</S22NEG>
      <R33>142.0085</R33>
      <R22>80.3617</R22>
  </STEEL_I_SECTION>

  <STEEL_I_SECTION>
      <LABEL>UC305X305X240</LABEL>
      <EDI_STD>UC305X305X240</EDI_STD>
      <DESIGNATION>W</DESIGNATION>
      <D>352.5</D>
      <BF>318.4</BF>
      <TF>37.7</TF>
      <TW>23</TW>
      <A>30580</A>
      <I33>6.42E+08</I33>
      <Z33>4247000</Z33>
      <AS3>20006.13</AS3>
      <I22>2.031E+08</I22>
      <Z22>1951000</Z22>
      <AS2>8107.5</AS2>
      <J>1.287E+07</J>
      <S33POS>3642553</S33POS>
      <S33NEG>3642553</S33NEG>
      <S22POS>1275754</S22POS>
      <S22NEG>1275754</S22NEG>
      <R33>144.8935</R33>
      <R22>81.49599</R22>
  </STEEL_I_SECTION>

  <STEEL_I_SECTION>
      <LABEL>UC305X305X283</LABEL>
      <EDI_STD>UC305X305X283</EDI_STD>
      <DESIGNATION>W</DESIGNATION>
      <D>365.3</D>
      <BF>322.2</BF>
      <TF>44.1</TF>
      <TW>26.8</TW>
      <A>36040</A>
      <I33>7.887E+08</I33>
      <Z33>5105000</Z33>
      <AS3>23681.7</AS3>
      <I22>2.463E+08</I22>
      <Z22>2342000</Z22>
      <AS2>9790.04</AS2>
      <J>2.062E+07</J>
      <S33POS>4318095</S33POS>
      <S33NEG>4318095</S33NEG>
      <S22POS>1528864</S22POS>
      <S22NEG>1528864</S22NEG>
      <R33>147.9325</R33>
      <R22>82.66846</R22>
  </STEEL_I_SECTION>

  <STEEL_I_SECTION>
      <LABEL>UC356X368X129</LABEL>
      <EDI_STD>UC356X368X129</EDI_STD>
      <DESIGNATION>W</DESIGNATION>
      <D>355.6</D>
      <BF>368.6</BF>
      <TF>17.5</TF>
      <TW>10.4</TW>
      <A>16430</A>
      <I33>4.025E+08</I33>
      <Z33>2479000</Z33>
      <AS3>10750.83</AS3>
      <I22>1.461E+08</I22>
      <Z22>1199000</Z22>
      <AS2>3698.24</AS2>
      <J>1530000</J>
      <S33POS>2263780</S33POS>
      <S33NEG>2263780</S33NEG>
      <S22POS>792729.3</S22POS>
      <S22NEG>792729.3</S22NEG>
      <R33>156.518</R33>
      <R22>94.29884</R22>
  </STEEL_I_SECTION>

  <STEEL_I_SECTION>
      <LABEL>UC356X368X153</LABEL>
      <EDI_STD>UC356X368X153</EDI_STD>
      <DESIGNATION>W</DESIGNATION>
      <D>362</D>
      <BF>370.5</BF>
      <TF>20.7</TF>
      <TW>12.3</TW>
      <A>19480</A>
      <I33>4.859E+08</I33>
      <Z33>2965000</Z33>
      <AS3>12782.25</AS3>
      <I22>1.755E+08</I22>
      <Z22>1435000</Z22>
      <AS2>4452.6</AS2>
      <J>2510000</J>
      <S33POS>2684531</S33POS>
      <S33NEG>2684531</S33NEG>
      <S22POS>947368.4</S22POS>
      <S22NEG>947368.4</S22NEG>
      <R33>157.9352</R33>
      <R22>94.91702</R22>
  </STEEL_I_SECTION>

  <STEEL_I_SECTION>
      <LABEL>UC356X368X177</LABEL>
      <EDI_STD>UC356X368X177</EDI_STD>
      <DESIGNATION>W</DESIGNATION>
      <D>368.2</D>
      <BF>372.6</BF>
      <TF>23.8</TF>
      <TW>14.4</TW>
      <A>22550</A>
      <I33>5.712E+08</I33>
      <Z33>3455000</Z33>
      <AS3>14779.8</AS3>
      <I22>2.053E+08</I22>
      <Z22>1671000</Z22>
      <AS2>5302.08</AS2>
      <J>3840000</J>
      <S33POS>3102662</S33POS>
      <S33NEG>3102662</S33NEG>
      <S22POS>1101986</S22POS>
      <S22NEG>1101986</S22NEG>
      <R33>159.1552</R33>
      <R22>95.416</R22>
  </STEEL_I_SECTION>

  <STEEL_I_SECTION>
      <LABEL>UC356X368X202</LABEL>
      <EDI_STD>UC356X368X202</EDI_STD>
      <DESIGNATION>W</DESIGNATION>
      <D>374.6</D>
      <BF>374.7</BF>
      <TF>27</TF>
      <TW>16.5</TW>
      <A>25720</A>
      <I33>6.626E+08</I33>
      <Z33>3972000</Z33>
      <AS3>16861.5</AS3>
      <I22>2.369E+08</I22>
      <Z22>1920000</Z22>
      <AS2>6180.9</AS2>
      <J>5610000</J>
      <S33POS>3537640</S33POS>
      <S33NEG>3537640</S33NEG>
      <S22POS>1264478</S22POS>
      <S22NEG>1264478</S22NEG>
      <R33>160.5056</R33>
      <R22>95.97255</R22>
  </STEEL_I_SECTION>

  <STEEL_I_SECTION>
      <LABEL>UC356X406X235</LABEL>
      <EDI_STD>UC356X406X235</EDI_STD>
      <DESIGNATION>W</DESIGNATION>
      <D>381</D>
      <BF>394.8</BF>
      <TF>30.2</TF>
      <TW>18.4</TW>
      <A>29900</A>
      <I33>7.908E+08</I33>
      <Z33>4687000</Z33>
      <AS3>19871.6</AS3>
      <I22>3.099E+08</I22>
      <Z22>2383000</Z22>
      <AS2>7010.4</AS2>
      <J>8180000</J>
      <S33POS>4151181</S33POS>
      <S33NEG>4151181</S33NEG>
      <S22POS>1569909</S22POS>
      <S22NEG>1569909</S22NEG>
      <R33>162.6289</R33>
      <R22>101.8064</R22>
  </STEEL_I_SECTION>

  <STEEL_I_SECTION>
      <LABEL>UC356X406X287</LABEL>
      <EDI_STD>UC356X406X287</EDI_STD>
      <DESIGNATION>W</DESIGNATION>
      <D>393.6</D>
      <BF>399</BF>
      <TF>36.5</TF>
      <TW>22.6</TW>
      <A>36570</A>
      <I33>9.988E+08</I33>
      <Z33>5812000</Z33>
      <AS3>24272.5</AS3>
      <I22>3.868E+08</I22>
      <Z22>2949000</Z22>
      <AS2>8895.36</AS2>
      <J>1.455E+07</J>
      <S33POS>5075203</S33POS>
      <S33NEG>5075203</S33NEG>
      <S22POS>1938847</S22POS>
      <S22NEG>1938847</S22NEG>
      <R33>165.2634</R33>
      <R22>102.8444</R22>
  </STEEL_I_SECTION>

  <STEEL_I_SECTION>
      <LABEL>UC356X406X340</LABEL>
      <EDI_STD>UC356X406X340</EDI_STD>
      <DESIGNATION>W</DESIGNATION>
      <D>406.4</D>
      <BF>403</BF>
      <TF>42.9</TF>
      <TW>26.6</TW>
      <A>43300</A>
      <I33>1.225E+09</I33>
      <Z33>6999000</Z33>
      <AS3>28814.5</AS3>
      <I22>4.685E+08</I22>
      <Z22>3544000</Z22>
      <AS2>10810.24</AS2>
      <J>2.37E+07</J>
      <S33POS>6028543</S33POS>
      <S33NEG>6028543</S33NEG>
      <S22POS>2325062</S22POS>
      <S22NEG>2325062</S22NEG>
      <R33>168.1993</R33>
      <R22>104.0186</R22>
  </STEEL_I_SECTION>

  <STEEL_I_SECTION>
      <LABEL>UC356X406X393</LABEL>
      <EDI_STD>UC356X406X393</EDI_STD>
      <DESIGNATION>W</DESIGNATION>
      <D>419</D>
      <BF>407</BF>
      <TF>49.2</TF>
      <TW>30.6</TW>
      <A>50060</A>
      <I33>1.466E+09</I33>
      <Z33>8222000</Z33>
      <AS3>33374</AS3>
      <I22>5.537E+08</I22>
      <Z22>4154000</Z22>
      <AS2>12821.4</AS2>
      <J>3.592E+07</J>
      <S33POS>6997614</S33POS>
      <S33NEG>6997614</S33NEG>
      <S22POS>2720884</S22POS>
      <S22NEG>2720884</S22NEG>
      <R33>171.1282</R33>
      <R22>105.17</R22>
  </STEEL_I_SECTION>

  <STEEL_I_SECTION>
      <LABEL>UC356X406X467</LABEL>
      <EDI_STD>UC356X406X467</EDI_STD>
      <DESIGNATION>W</DESIGNATION>
      <D>436.6</D>
      <BF>412.2</BF>
      <TF>58</TF>
      <TW>35.8</TW>
      <A>59490</A>
      <I33>1.83E+09</I33>
      <Z33>1E+07</Z33>
      <AS3>39846</AS3>
      <I22>6.783E+08</I22>
      <Z22>5034000</Z22>
      <AS2>15630.28</AS2>
      <J>5.896E+07</J>
      <S33POS>8382959</S33POS>
      <S33NEG>8382959</S33NEG>
      <S22POS>3291121</S22POS>
      <S22NEG>3291121</S22NEG>
      <R33>175.3895</R33>
      <R22>106.7798</R22>
  </STEEL_I_SECTION>

  <STEEL_I_SECTION>
      <LABEL>UC356X406X509</LABEL>
      <EDI_STD>UC356X406X509</EDI_STD>
      <DESIGNATION>W</DESIGNATION>
      <D>446</D>
      <BF>416</BF>
      <TF>62.7</TF>
      <TW>39.1</TW>
      <A>64900</A>
      <I33>2.045E+09</I33>
      <Z33>1.103E+07</Z33>
      <AS3>43472</AS3>
      <I22>7.54E+08</I22>
      <Z22>5552000</Z22>
      <AS2>17438.6</AS2>
      <J>7.513E+07</J>
      <S33POS>9170403</S33POS>
      <S33NEG>9170403</S33NEG>
      <S22POS>3625000</S22POS>
      <S22NEG>3625000</S22NEG>
      <R33>177.5106</R33>
      <R22>107.7862</R22>
  </STEEL_I_SECTION>

  <STEEL_I_SECTION>
      <LABEL>UC356X406X551</LABEL>
      <EDI_STD>UC356X406X551</EDI_STD>
      <DESIGNATION>W</DESIGNATION>
      <D>455.6</D>
      <BF>418.5</BF>
      <TF>67.5</TF>
      <TW>42.1</TW>
      <A>70190</A>
      <I33>2.269E+09</I33>
      <Z33>1.208E+07</Z33>
      <AS3>47081.25</AS3>
      <I22>8.267E+08</I22>
      <Z22>6058000</Z22>
      <AS2>19180.76</AS2>
      <J>9.402E+07</J>
      <S33POS>9960491</S33POS>
      <S33NEG>9960491</S33NEG>
      <S22POS>3950777</S22POS>
      <S22NEG>3950777</S22NEG>
      <R33>179.7958</R33>
      <R22>108.5266</R22>
  </STEEL_I_SECTION>

  <STEEL_I_SECTION>
      <LABEL>UC356X406X592</LABEL>
      <EDI_STD>UC356X406X592</EDI_STD>
      <DESIGNATION>W</DESIGNATION>
      <D>465</D>
      <BF>421</BF>
      <TF>72.3</TF>
      <TW>45</TW>
      <A>75490</A>
      <I33>2.502E+09</I33>
      <Z33>1.314E+07</Z33>
      <AS3>50730.5</AS3>
      <I22>9.017E+08</I22>
      <Z22>6574000</Z22>
      <AS2>20925</AS2>
      <J>1.156E+08</J>
      <S33POS>1.076129E+07</S33POS>
      <S33NEG>1.076129E+07</S33NEG>
      <S22POS>4283611</S22POS>
      <S22NEG>4283611</S22NEG>
      <R33>182.0535</R33>
      <R22>109.2915</R22>
  </STEEL_I_SECTION>

  <STEEL_I_SECTION>
      <LABEL>UC356X406X634</LABEL>
      <EDI_STD>UC356X406X634</EDI_STD>
      <DESIGNATION>W</DESIGNATION>
      <D>474.6</D>
      <BF>424</BF>
      <TF>77</TF>
      <TW>47.6</TW>
      <A>80750</A>
      <I33>2.748E+09</I33>
      <Z33>1.424E+07</Z33>
      <AS3>54413.33</AS3>
      <I22>9.813E+08</I22>
      <Z22>7108000</Z22>
      <AS2>22590.96</AS2>
      <J>1.399E+08</J>
      <S33POS>1.158028E+07</S33POS>
      <S33NEG>1.158028E+07</S33NEG>
      <S22POS>4628774</S22POS>
      <S22NEG>4628774</S22NEG>
      <R33>184.4748</R33>
      <R22>110.2376</R22>
  </STEEL_I_SECTION>

  <STEEL_I_SECTION>
      <LABEL>UC356X406X677</LABEL>
      <EDI_STD>UC356X406X677</EDI_STD>
      <DESIGNATION>W</DESIGNATION>
      <D>483</D>
      <BF>428</BF>
      <TF>81.5</TF>
      <TW>51.2</TW>
      <A>86340</A>
      <I33>2.995E+09</I33>
      <Z33>1.535E+07</Z33>
      <AS3>58136.67</AS3>
      <I22>1.069E+09</I22>
      <Z22>7680000</Z22>
      <AS2>24729.6</AS2>
      <J>1.679E+08</J>
      <S33POS>1.240166E+07</S33POS>
      <S33NEG>1.240166E+07</S33NEG>
      <S22POS>4995327</S22POS>
      <S22NEG>4995327</S22NEG>
      <R33>186.2483</R33>
      <R22>111.2712</R22>
  </STEEL_I_SECTION>

  <STEEL_I_SECTION>
      <LABEL>UC356X406X744</LABEL>
      <EDI_STD>UC356X406X744</EDI_STD>
      <DESIGNATION>W</DESIGNATION>
      <D>498</D>
      <BF>432</BF>
      <TF>88.9</TF>
      <TW>55.6</TW>
      <A>94810</A>
      <I33>3.421E+09</I33>
      <Z33>1.717E+07</Z33>
      <AS3>64008</AS3>
      <I22>1.199E+09</I22>
      <Z22>8549000</Z22>
      <AS2>27688.8</AS2>
      <J>2.184E+08</J>
      <S33POS>1.373896E+07</S33POS>
      <S33NEG>1.373896E+07</S33NEG>
      <S22POS>5550926</S22POS>
      <S22NEG>5550926</S22NEG>
      <R33>189.9544</R33>
      <R22>112.456</R22>
  </STEEL_I_SECTION>

  <STEEL_I_SECTION>
      <LABEL>UC356X406X818</LABEL>
      <EDI_STD>UC356X406X818</EDI_STD>
      <DESIGNATION>W</DESIGNATION>
      <D>514</D>
      <BF>437</BF>
      <TF>97</TF>
      <TW>60.5</TW>
      <A>104300</A>
      <I33>3.922E+09</I33>
      <Z33>1.926E+07</Z33>
      <AS3>70648.34</AS3>
      <I22>1.355E+09</I22>
      <Z22>9561000</Z22>
      <AS2>31097</AS2>
      <J>2.851E+08</J>
      <S33POS>1.52607E+07</S33POS>
      <S33NEG>1.52607E+07</S33NEG>
      <S22POS>6201374</S22POS>
      <S22NEG>6201374</S22NEG>
      <R33>193.9151</R33>
      <R22>113.9797</R22>
  </STEEL_I_SECTION>

  <STEEL_I_SECTION>
      <LABEL>UC356X406X900</LABEL>
      <EDI_STD>UC356X406X900</EDI_STD>
      <DESIGNATION>W</DESIGNATION>
      <D>531</D>
      <BF>442</BF>
      <TF>106</TF>
      <TW>65.9</TW>
      <A>114900</A>
      <I33>4.502E+09</I33>
      <Z33>2.162E+07</Z33>
      <AS3>78086.66</AS3>
      <I22>1.533E+09</I22>
      <Z22>1.071E+07</Z22>
      <AS2>34992.9</AS2>
      <J>3.735E+08</J>
      <S33POS>1.695669E+07</S33POS>
      <S33NEG>1.695669E+07</S33NEG>
      <S22POS>6936652</S22POS>
      <S22NEG>6936652</S22NEG>
      <R33>197.9442</R33>
      <R22>115.5077</R22>
  </STEEL_I_SECTION>

  <STEEL_I_SECTION>
      <LABEL>UC356X406X990</LABEL>
      <EDI_STD>UC356X406X990</EDI_STD>
      <DESIGNATION>W</DESIGNATION>
      <D>550</D>
      <BF>448</BF>
      <TF>115</TF>
      <TW>71.9</TW>
      <A>126200</A>
      <I33>5.189E+09</I33>
      <Z33>2.428E+07</Z33>
      <AS3>85866.66</AS3>
      <I22>1.734E+09</I22>
      <Z22>1.196E+07</Z22>
      <AS2>39545</AS2>
      <J>4.821E+08</J>
      <S33POS>1.886909E+07</S33POS>
      <S33NEG>1.886909E+07</S33NEG>
      <S22POS>7741072</S22POS>
      <S22NEG>7741072</S22NEG>
      <R33>202.774</R33>
      <R22>117.2182</R22>
  </STEEL_I_SECTION>

  <STEEL_I_SECTION>
      <LABEL>UC356X406X1086</LABEL>
      <EDI_STD>UC356X406X1086</EDI_STD>
      <DESIGNATION>W</DESIGNATION>
      <D>569</D>
      <BF>454</BF>
      <TF>125</TF>
      <TW>78</TW>
      <A>138600</A>
      <I33>5.957E+09</I33>
      <Z33>2.721E+07</Z33>
      <AS3>94583.34</AS3>
      <I22>1.962E+09</I22>
      <Z22>1.338E+07</Z22>
      <AS2>44382</AS2>
      <J>6.229E+08</J>
      <S33POS>2.093849E+07</S33POS>
      <S33NEG>2.093849E+07</S33NEG>
      <S22POS>8643172</S22POS>
      <S22NEG>8643172</S22NEG>
      <R33>207.3157</R33>
      <R22>118.9783</R22>
  </STEEL_I_SECTION>

  <STEEL_I_SECTION>
      <LABEL>UC356X406X1202</LABEL>
      <EDI_STD>UC356X406X1202</EDI_STD>
      <DESIGNATION>W</DESIGNATION>
      <D>580</D>
      <BF>471</BF>
      <TF>130</TF>
      <TW>95</TW>
      <A>153000</A>
      <I33>6.636E+09</I33>
      <Z33>3.002E+07</Z33>
      <AS3>102050</AS3>
      <I22>2.287E+09</I22>
      <Z22>1.515E+07</Z22>
      <AS2>55100</AS2>
      <J>7.923E+08</J>
      <S33POS>2.288276E+07</S33POS>
      <S33NEG>2.288276E+07</S33NEG>
      <S22POS>9711253</S22POS>
      <S22NEG>9711253</S22NEG>
      <R33>208.2608</R33>
      <R22>122.2608</R22>
  </STEEL_I_SECTION>

  <STEEL_I_SECTION>
      <LABEL>UC356X406X1299</LABEL>
      <EDI_STD>UC356X406X1299</EDI_STD>
      <DESIGNATION>W</DESIGNATION>
      <D>600</D>
      <BF>476</BF>
      <TF>140</TF>
      <TW>100</TW>
      <A>165000</A>
      <I33>7.546E+09</I33>
      <Z33>3.325E+07</Z33>
      <AS3>111066.7</AS3>
      <I22>2.544E+09</I22>
      <Z22>1.667E+07</Z22>
      <AS2>60000</AS2>
      <J>9.814E+08</J>
      <S33POS>2.515333E+07</S33POS>
      <S33NEG>2.515333E+07</S33NEG>
      <S22POS>1.068908E+07</S22POS>
      <S22NEG>1.068908E+07</S22NEG>
      <R33>213.8535</R33>
      <R22>124.17</R22>
  </STEEL_I_SECTION>

  <STEEL_I_SECTION>
      <LABEL>UBP203X203X45</LABEL>
      <EDI_STD>UBP203X203X45</EDI_STD>
      <DESIGNATION>W</DESIGNATION>
      <D>200.2</D>
      <BF>205.9</BF>
      <TF>9.5</TF>
      <TW>9.5</TW>
      <A>5723</A>
      <I33>4.1E+07</I33>
      <Z33>459000</Z33>
      <AS3>3260.083</AS3>
      <I22>1.384E+07</I22>
      <Z22>206000</Z22>
      <AS2>1901.9</AS2>
      <J>208000</J>
      <S33POS>409590.4</S33POS>
      <S33NEG>409590.4</S33NEG>
      <S22POS>134434.2</S22POS>
      <S22NEG>134434.2</S22NEG>
      <R33>84.64085</R33>
      <R22>49.17634</R22>
  </STEEL_I_SECTION>

  <STEEL_I_SECTION>
      <LABEL>UBP203X203X54</LABEL>
      <EDI_STD>UBP203X203X54</EDI_STD>
      <DESIGNATION>W</DESIGNATION>
      <D>204</D>
      <BF>207.7</BF>
      <TF>11.4</TF>
      <TW>11.3</TW>
      <A>6872</A>
      <I33>5.027E+07</I33>
      <Z33>557000</Z33>
      <AS3>3946.3</AS3>
      <I22>1.705E+07</I22>
      <Z22>252000</Z22>
      <AS2>2305.2</AS2>
      <J>350000</J>
      <S33POS>492843.1</S33POS>
      <S33NEG>492843.1</S33NEG>
      <S22POS>164179.1</S22POS>
      <S22NEG>164179.1</S22NEG>
      <R33>85.52889</R33>
      <R22>49.81047</R22>
  </STEEL_I_SECTION>

  <STEEL_I_SECTION>
      <LABEL>UBP254X254X63</LABEL>
      <EDI_STD>UBP254X254X63</EDI_STD>
      <DESIGNATION>W</DESIGNATION>
      <D>247.1</D>
      <BF>256.6</BF>
      <TF>10.7</TF>
      <TW>10.6</TW>
      <A>8022</A>
      <I33>8.86E+07</I33>
      <Z33>799000</Z33>
      <AS3>4576.033</AS3>
      <I22>3.016E+07</I22>
      <Z22>360000</Z22>
      <AS2>2619.26</AS2>
      <J>372000</J>
      <S33POS>717118.6</S33POS>
      <S33NEG>717118.6</S33NEG>
      <S22POS>235074</S22POS>
      <S22NEG>235074</S22NEG>
      <R33>105.0934</R33>
      <R22>61.31607</R22>
  </STEEL_I_SECTION>

  <STEEL_I_SECTION>
      <LABEL>UBP254X254X71</LABEL>
      <EDI_STD>UBP254X254X71</EDI_STD>
      <DESIGNATION>W</DESIGNATION>
      <D>249.7</D>
      <BF>258</BF>
      <TF>12</TF>
      <TW>12</TW>
      <A>9039</A>
      <I33>1.007E+08</I33>
      <Z33>904000</Z33>
      <AS3>5160</AS3>
      <I22>3.439E+07</I22>
      <Z22>409000</Z22>
      <AS2>2996.4</AS2>
      <J>523000</J>
      <S33POS>806567.9</S33POS>
      <S33NEG>806567.9</S33NEG>
      <S22POS>266589.2</S22POS>
      <S22NEG>266589.2</S22NEG>
      <R33>105.5491</R33>
      <R22>61.68164</R22>
  </STEEL_I_SECTION>

  <STEEL_I_SECTION>
      <LABEL>UBP254X254X85</LABEL>
      <EDI_STD>UBP254X254X85</EDI_STD>
      <DESIGNATION>W</DESIGNATION>
      <D>254.3</D>
      <BF>260.4</BF>
      <TF>14.3</TF>
      <TW>14.4</TW>
      <A>10840</A>
      <I33>1.228E+08</I33>
      <Z33>1092000</Z33>
      <AS3>6206.2</AS3>
      <I22>4.215E+07</I22>
      <Z22>498000</Z22>
      <AS2>3661.92</AS2>
      <J>878000</J>
      <S33POS>965788.4</S33POS>
      <S33NEG>965788.4</S33NEG>
      <S22POS>323732.7</S22POS>
      <S22NEG>323732.7</S22NEG>
      <R33>106.435</R33>
      <R22>62.35685</R22>
  </STEEL_I_SECTION>

  <STEEL_I_SECTION>
      <LABEL>UBP305X305X79</LABEL>
      <EDI_STD>UBP305X305X79</EDI_STD>
      <DESIGNATION>W</DESIGNATION>
      <D>299.3</D>
      <BF>306.4</BF>
      <TF>11.1</TF>
      <TW>11</TW>
      <A>10050</A>
      <I33>1.644E+08</I33>
      <Z33>1218000</Z33>
      <AS3>5668.4</AS3>
      <I22>5.326E+07</I22>
      <Z22>531000</Z22>
      <AS2>3292.3</AS2>
      <J>514000</J>
      <S33POS>1098563</S33POS>
      <S33NEG>1098563</S33NEG>
      <S22POS>347650.1</S22POS>
      <S22NEG>347650.1</S22NEG>
      <R33>127.8992</R33>
      <R22>72.79768</R22>
  </STEEL_I_SECTION>

  <STEEL_I_SECTION>
      <LABEL>UBP305X305X88</LABEL>
      <EDI_STD>UBP305X305X88</EDI_STD>
      <DESIGNATION>W</DESIGNATION>
      <D>301.7</D>
      <BF>307.8</BF>
      <TF>12.3</TF>
      <TW>12.4</TW>
      <A>11210</A>
      <I33>1.842E+08</I33>
      <Z33>1360000</Z33>
      <AS3>6309.9</AS3>
      <I22>5.984E+07</I22>
      <Z22>595000</Z22>
      <AS2>3741.08</AS2>
      <J>701000</J>
      <S33POS>1221081</S33POS>
      <S33NEG>1221081</S33NEG>
      <S22POS>388823.9</S22POS>
      <S22NEG>388823.9</S22NEG>
      <R33>128.1864</R33>
      <R22>73.06224</R22>
  </STEEL_I_SECTION>

  <STEEL_I_SECTION>
      <LABEL>UBP305X305X95</LABEL>
      <EDI_STD>UBP305X305X95</EDI_STD>
      <DESIGNATION>W</DESIGNATION>
      <D>303.7</D>
      <BF>308.7</BF>
      <TF>13.3</TF>
      <TW>13.3</TW>
      <A>12090</A>
      <I33>2.004E+08</I33>
      <Z33>1474000</Z33>
      <AS3>6842.85</AS3>
      <I22>6.529E+07</I22>
      <Z22>648000</Z22>
      <AS2>4039.21</AS2>
      <J>867000</J>
      <S33POS>1319723</S33POS>
      <S33NEG>1319723</S33NEG>
      <S22POS>422999.7</S22POS>
      <S22NEG>422999.7</S22NEG>
      <R33>128.7466</R33>
      <R22>73.48695</R22>
  </STEEL_I_SECTION>

  <STEEL_I_SECTION>
      <LABEL>UBP305X305X110</LABEL>
      <EDI_STD>UBP305X305X110</EDI_STD>
      <DESIGNATION>W</DESIGNATION>
      <D>307.9</D>
      <BF>310.7</BF>
      <TF>15.4</TF>
      <TW>15.3</TW>
      <A>14010</A>
      <I33>2.356E+08</I33>
      <Z33>1720000</Z33>
      <AS3>7974.633</AS3>
      <I22>7.709E+07</I22>
      <Z22>762000</Z22>
      <AS2>4710.87</AS2>
      <J>1310000</J>
      <S33POS>1530367</S33POS>
      <S33NEG>1530367</S33NEG>
      <S22POS>496234.3</S22POS>
      <S22NEG>496234.3</S22NEG>
      <R33>129.6787</R33>
      <R22>74.17883</R22>
  </STEEL_I_SECTION>

  <STEEL_I_SECTION>
      <LABEL>UBP305X305X126</LABEL>
      <EDI_STD>UBP305X305X126</EDI_STD>
      <DESIGNATION>W</DESIGNATION>
      <D>312.3</D>
      <BF>312.9</BF>
      <TF>17.6</TF>
      <TW>17.5</TW>
      <A>16060</A>
      <I33>2.741E+08</I33>
      <Z33>1986000</Z33>
      <AS3>9178.4</AS3>
      <I22>9.002E+07</I22>
      <Z22>885000</Z22>
      <AS2>5465.25</AS2>
      <J>1940000</J>
      <S33POS>1755364</S33POS>
      <S33NEG>1755364</S33NEG>
      <S22POS>575391.5</S22POS>
      <S22NEG>575391.5</S22NEG>
      <R33>130.6417</R33>
      <R22>74.86809</R22>
  </STEEL_I_SECTION>

  <STEEL_I_SECTION>
      <LABEL>UBP305X305X149</LABEL>
      <EDI_STD>UBP305X305X149</EDI_STD>
      <DESIGNATION>W</DESIGNATION>
      <D>318.5</D>
      <BF>316</BF>
      <TF>20.7</TF>
      <TW>20.6</TW>
      <A>18990</A>
      <I33>3.307E+08</I33>
      <Z33>2370000</Z33>
      <AS3>10902</AS3>
      <I22>1.091E+08</I22>
      <Z22>1066000</Z22>
      <AS2>6561.1</AS2>
      <J>3140000</J>
      <S33POS>2076609</S33POS>
      <S33NEG>2076609</S33NEG>
      <S22POS>690506.3</S22POS>
      <S22NEG>690506.3</S22NEG>
      <R33>131.9637</R33>
      <R22>75.79663</R22>
  </STEEL_I_SECTION>

  <STEEL_I_SECTION>
      <LABEL>UBP305X305X186</LABEL>
      <EDI_STD>UBP305X305X186</EDI_STD>
      <DESIGNATION>W</DESIGNATION>
      <D>328.3</D>
      <BF>320.9</BF>
      <TF>25.6</TF>
      <TW>25.5</TW>
      <A>23690</A>
      <I33>4.261E+08</I33>
      <Z33>3003000</Z33>
      <AS3>13691.73</AS3>
      <I22>1.414E+08</I22>
      <Z22>1366000</Z22>
      <AS2>8371.65</AS2>
      <J>5940000</J>
      <S33POS>2595797</S33POS>
      <S33NEG>2595797</S33NEG>
      <S22POS>881271.4</S22POS>
      <S22NEG>881271.4</S22NEG>
      <R33>134.1137</R33>
      <R22>77.25777</R22>
  </STEEL_I_SECTION>

  <STEEL_I_SECTION>
      <LABEL>UBP305X305X223</LABEL>
      <EDI_STD>UBP305X305X223</EDI_STD>
      <DESIGNATION>W</DESIGNATION>
      <D>337.9</D>
      <BF>325.7</BF>
      <TF>30.4</TF>
      <TW>30.3</TW>
      <A>28400</A>
      <I33>5.27E+08</I33>
      <Z33>3653000</Z33>
      <AS3>16502.13</AS3>
      <I22>1.758E+08</I22>
      <Z22>1680000</Z22>
      <AS2>10238.37</AS2>
      <J>9980000</J>
      <S33POS>3119266</S33POS>
      <S33NEG>3119266</S33NEG>
      <S22POS>1079521</S22POS>
      <S22NEG>1079521</S22NEG>
      <R33>136.2216</R33>
      <R22>78.67744</R22>
  </STEEL_I_SECTION>

  <STEEL_I_SECTION>
      <LABEL>UBP356X368X109</LABEL>
      <EDI_STD>UBP356X368X109</EDI_STD>
      <DESIGNATION>W</DESIGNATION>
      <D>346.4</D>
      <BF>371</BF>
      <TF>12.9</TF>
      <TW>12.8</TW>
      <A>13870</A>
      <I33>3.063E+08</I33>
      <Z33>1956000</Z33>
      <AS3>7976.5</AS3>
      <I22>1.099E+08</I22>
      <Z22>903000</Z22>
      <AS2>4433.92</AS2>
      <J>907000</J>
      <S33POS>1768476</S33POS>
      <S33NEG>1768476</S33NEG>
      <S22POS>592452.8</S22POS>
      <S22NEG>592452.8</S22NEG>
      <R33>148.6056</R33>
      <R22>89.01447</R22>
  </STEEL_I_SECTION>

  <STEEL_I_SECTION>
      <LABEL>UBP356X368X133</LABEL>
      <EDI_STD>UBP356X368X133</EDI_STD>
      <DESIGNATION>W</DESIGNATION>
      <D>352</D>
      <BF>373.8</BF>
      <TF>15.7</TF>
      <TW>15.6</TW>
      <A>16940</A>
      <I33>3.798E+08</I33>
      <Z33>2406000</Z33>
      <AS3>9781.1</AS3>
      <I22>1.368E+08</I22>
      <Z22>1119000</Z22>
      <AS2>5491.2</AS2>
      <J>1610000</J>
      <S33POS>2157955</S33POS>
      <S33NEG>2157955</S33NEG>
      <S22POS>731942.3</S22POS>
      <S22NEG>731942.3</S22NEG>
      <R33>149.7341</R33>
      <R22>89.86412</R22>
  </STEEL_I_SECTION>

  <STEEL_I_SECTION>
      <LABEL>UBP356X368X152</LABEL>
      <EDI_STD>UBP356X368X152</EDI_STD>
      <DESIGNATION>W</DESIGNATION>
      <D>356.4</D>
      <BF>376</BF>
      <TF>17.9</TF>
      <TW>17.8</TW>
      <A>19370</A>
      <I33>4.397E+08</I33>
      <Z33>2767000</Z33>
      <AS3>11217.33</AS3>
      <I22>1.588E+08</I22>
      <Z22>1293000</Z22>
      <AS2>6343.92</AS2>
      <J>2360000</J>
      <S33POS>2467452</S33POS>
      <S33NEG>2467452</S33NEG>
      <S22POS>844680.9</S22POS>
      <S22NEG>844680.9</S22NEG>
      <R33>150.6654</R33>
      <R22>90.54416</R22>
  </STEEL_I_SECTION>

  <STEEL_I_SECTION>
      <LABEL>UBP356X368X174</LABEL>
      <EDI_STD>UBP356X368X174</EDI_STD>
      <DESIGNATION>W</DESIGNATION>
      <D>361.4</D>
      <BF>378.5</BF>
      <TF>20.4</TF>
      <TW>20.3</TW>
      <A>22150</A>
      <I33>5.101E+08</I33>
      <Z33>3186000</Z33>
      <AS3>12869</AS3>
      <I22>1.846E+08</I22>
      <Z22>1497000</Z22>
      <AS2>7336.42</AS2>
      <J>3490000</J>
      <S33POS>2822911</S33POS>
      <S33NEG>2822911</S33NEG>
      <S22POS>975429.3</S22POS>
      <S22NEG>975429.3</S22NEG>
      <R33>151.7542</R33>
      <R22>91.29121</R22>
  </STEEL_I_SECTION>

</PROPERTY_FILE>
