<?xml version="1.0" encoding="utf-8" ?>

<PROPERTY_FILE xmlns="http://www.csiamerica.com"
 xmlns:xsi="http://www.w3.org/2001/XMLSchema-instance"
 xsi:schemaLocation="http://www.csiamerica.com CSIExtendedSectionPropertyFile.xsd">

  <CONTROL>
      <FILE_ID>CSI Frame Properties</FILE_ID>
      <VERSION>1</VERSION>
      <DESCRIPTION>ArcelorMittal_Russia</DESCRIPTION>
      <LENGTH_UNITS>mm</LENGTH_UNITS>
  </CONTROL>

  <STEEL_I_SECTION>
      <LABEL>10B1</LABEL>
      <EDI_STD>10B1</EDI_STD>
      <DESIGNATION>W</DESIGNATION>
      <D>100</D>
      <BF>55</BF>
      <TF>5.7</TF>
      <TW>4.1</TW>
      <A>1032.322</A>
      <I33>1710000</I33>
      <Z33>39400</Z33>
      <AS3>522.5</AS3>
      <I22>159200</I22>
      <Z22>9200</Z22>
      <AS2>410</AS2>
      <J>12000</J>
      <S33POS>34200</S33POS>
      <S33NEG>34200</S33NEG>
      <S22POS>5789.091</S22POS>
      <S22NEG>5789.091</S22NEG>
      <R33>40.69964</R33>
      <R22>12.41835</R22>
  </STEEL_I_SECTION>

  <STEEL_I_SECTION>
      <LABEL>12B1</LABEL>
      <EDI_STD>12B1</EDI_STD>
      <DESIGNATION>W</DESIGNATION>
      <D>117.6</D>
      <BF>64</BF>
      <TF>5.1</TF>
      <TW>3.8</TW>
      <A>1102.982</A>
      <I33>2574000</I33>
      <Z33>49900</Z33>
      <AS3>544</AS3>
      <I22>223900</I22>
      <Z22>11000</Z22>
      <AS2>446.88</AS2>
      <J>10400</J>
      <S33POS>43775.51</S33POS>
      <S33NEG>43775.51</S33NEG>
      <S22POS>6996.875</S22POS>
      <S22NEG>6996.875</S22NEG>
      <R33>48.30812</R33>
      <R22>14.24764</R22>
  </STEEL_I_SECTION>

  <STEEL_I_SECTION>
      <LABEL>12B2</LABEL>
      <EDI_STD>12B2</EDI_STD>
      <DESIGNATION>W</DESIGNATION>
      <D>120</D>
      <BF>64</BF>
      <TF>6.3</TF>
      <TW>4.4</TW>
      <A>1321.022</A>
      <I33>3178000</I33>
      <Z33>60700</Z33>
      <AS3>672</AS3>
      <I22>276700</I22>
      <Z22>13600</Z22>
      <AS2>528</AS2>
      <J>17400</J>
      <S33POS>52966.67</S33POS>
      <S33NEG>52966.67</S33NEG>
      <S22POS>8646.875</S22POS>
      <S22NEG>8646.875</S22NEG>
      <R33>49.04808</R33>
      <R22>14.4727</R22>
  </STEEL_I_SECTION>

  <STEEL_I_SECTION>
      <LABEL>14B1</LABEL>
      <EDI_STD>14B1</EDI_STD>
      <DESIGNATION>W</DESIGNATION>
      <D>137.4</D>
      <BF>73</BF>
      <TF>5.6</TF>
      <TW>3.8</TW>
      <A>1339.222</A>
      <I33>4349000</I33>
      <Z33>71600</Z33>
      <AS3>681.3333</AS3>
      <I22>364200</I22>
      <Z22>15500</Z22>
      <AS2>522.12</AS2>
      <J>13600</J>
      <S33POS>63304.22</S33POS>
      <S33NEG>63304.22</S33NEG>
      <S22POS>9978.082</S22POS>
      <S22NEG>9978.082</S22NEG>
      <R33>56.98604</R33>
      <R22>16.49088</R22>
  </STEEL_I_SECTION>

  <STEEL_I_SECTION>
      <LABEL>14B2</LABEL>
      <EDI_STD>14B2</EDI_STD>
      <DESIGNATION>W</DESIGNATION>
      <D>140</D>
      <BF>73</BF>
      <TF>6.9</TF>
      <TW>4.7</TW>
      <A>1642.602</A>
      <I33>5412000</I33>
      <Z33>88300</Z33>
      <AS3>839.5</AS3>
      <I22>449200</I22>
      <Z22>19300</Z22>
      <AS2>658</AS2>
      <J>24500</J>
      <S33POS>77314.29</S33POS>
      <S33NEG>77314.29</S33NEG>
      <S22POS>12306.85</S22POS>
      <S22NEG>12306.85</S22NEG>
      <R33>57.40012</R33>
      <R22>16.53689</R22>
  </STEEL_I_SECTION>

  <STEEL_I_SECTION>
      <LABEL>16B1</LABEL>
      <EDI_STD>16B1</EDI_STD>
      <DESIGNATION>W</DESIGNATION>
      <D>157</D>
      <BF>82</BF>
      <TF>5.9</TF>
      <TW>4</TW>
      <A>1617.93</A>
      <I33>6893000</I33>
      <Z33>99100</Z33>
      <AS3>806.3333</AS3>
      <I22>544300</I22>
      <Z22>20700</Z22>
      <AS2>628</AS2>
      <J>19600</J>
      <S33POS>87808.91</S33POS>
      <S33NEG>87808.91</S33NEG>
      <S22POS>13275.61</S22POS>
      <S22NEG>13275.61</S22NEG>
      <R33>65.27159</R33>
      <R22>18.34169</R22>
  </STEEL_I_SECTION>

  <STEEL_I_SECTION>
      <LABEL>16B2</LABEL>
      <EDI_STD>16B2</EDI_STD>
      <DESIGNATION>W</DESIGNATION>
      <D>160</D>
      <BF>82</BF>
      <TF>7.4</TF>
      <TW>5</TW>
      <A>2009.13</A>
      <I33>8693000</I33>
      <Z33>124000</Z33>
      <AS3>1011.333</AS3>
      <I22>683100</I22>
      <Z22>26100</Z22>
      <AS2>800</AS2>
      <J>36000</J>
      <S33POS>108662.5</S33POS>
      <S33NEG>108662.5</S33NEG>
      <S22POS>16660.98</S22POS>
      <S22NEG>16660.98</S22NEG>
      <R33>65.77802</R33>
      <R22>18.43903</R22>
  </STEEL_I_SECTION>

  <STEEL_I_SECTION>
      <LABEL>18B1</LABEL>
      <EDI_STD>18B1</EDI_STD>
      <DESIGNATION>W</DESIGNATION>
      <D>177</D>
      <BF>91</BF>
      <TF>6.5</TF>
      <TW>4.3</TW>
      <A>1957.73</A>
      <I33>1.063E+07</I33>
      <Z33>135000</Z33>
      <AS3>985.8333</AS3>
      <I22>818900</I22>
      <Z22>28000</Z22>
      <AS2>761.1</AS2>
      <J>27000</J>
      <S33POS>120113</S33POS>
      <S33NEG>120113</S33NEG>
      <S22POS>17997.8</S22POS>
      <S22NEG>17997.8</S22NEG>
      <R33>73.68688</R33>
      <R22>20.45215</R22>
  </STEEL_I_SECTION>

  <STEEL_I_SECTION>
      <LABEL>18B2</LABEL>
      <EDI_STD>18B2</EDI_STD>
      <DESIGNATION>W</DESIGNATION>
      <D>180</D>
      <BF>91</BF>
      <TF>8</TF>
      <TW>5.3</TW>
      <A>2394.73</A>
      <I33>1.317E+07</I33>
      <Z33>166000</Z33>
      <AS3>1213.333</AS3>
      <I22>1010000</I22>
      <Z22>34600</Z22>
      <AS2>954</AS2>
      <J>47900</J>
      <S33POS>146333.3</S33POS>
      <S33NEG>146333.3</S33NEG>
      <S22POS>22197.8</S22POS>
      <S22NEG>22197.8</S22NEG>
      <R33>74.15912</R33>
      <R22>20.53678</R22>
  </STEEL_I_SECTION>

  <STEEL_I_SECTION>
      <LABEL>20B1</LABEL>
      <EDI_STD>20B1</EDI_STD>
      <DESIGNATION>W</DESIGNATION>
      <D>200</D>
      <BF>100</BF>
      <TF>8</TF>
      <TW>5.5</TW>
      <A>2715.866</A>
      <I33>1.844E+07</I33>
      <Z33>209000</Z33>
      <AS3>1333.333</AS3>
      <I22>1340000</I22>
      <Z22>41900</Z22>
      <AS2>1100</AS2>
      <J>58900</J>
      <S33POS>184400</S33POS>
      <S33NEG>184400</S33NEG>
      <S22POS>26800</S22POS>
      <S22NEG>26800</S22NEG>
      <R33>82.39982</R33>
      <R22>22.21254</R22>
  </STEEL_I_SECTION>

  <STEEL_I_SECTION>
      <LABEL>25B1</LABEL>
      <EDI_STD>25B1</EDI_STD>
      <DESIGNATION>W</DESIGNATION>
      <D>248</D>
      <BF>124</BF>
      <TF>8</TF>
      <TW>5</TW>
      <A>3267.61</A>
      <I33>3.537E+07</I33>
      <Z33>319000</Z33>
      <AS3>1653.333</AS3>
      <I22>2550000</I22>
      <Z22>63600</Z22>
      <AS2>1240</AS2>
      <J>66900</J>
      <S33POS>285241.9</S33POS>
      <S33NEG>285241.9</S33NEG>
      <S22POS>41129.03</S22POS>
      <S22NEG>41129.03</S22NEG>
      <R33>104.0405</R33>
      <R22>27.93541</R22>
  </STEEL_I_SECTION>

  <STEEL_I_SECTION>
      <LABEL>25B2</LABEL>
      <EDI_STD>25B2</EDI_STD>
      <DESIGNATION>W</DESIGNATION>
      <D>250</D>
      <BF>125</BF>
      <TF>9</TF>
      <TW>6</TW>
      <A>3765.61</A>
      <I33>4.052E+07</I33>
      <Z33>366000</Z33>
      <AS3>1875</AS3>
      <I22>2940000</I22>
      <Z22>73100</Z22>
      <AS2>1500</AS2>
      <J>97900</J>
      <S33POS>324160</S33POS>
      <S33NEG>324160</S33NEG>
      <S22POS>47040</S22POS>
      <S22NEG>47040</S22NEG>
      <R33>103.733</R33>
      <R22>27.94191</R22>
  </STEEL_I_SECTION>

  <STEEL_I_SECTION>
      <LABEL>30B1</LABEL>
      <EDI_STD>30B1</EDI_STD>
      <DESIGNATION>W</DESIGNATION>
      <D>298</D>
      <BF>149</BF>
      <TF>8</TF>
      <TW>5.5</TW>
      <A>4080.07</A>
      <I33>6.319E+07</I33>
      <Z33>475000</Z33>
      <AS3>1986.667</AS3>
      <I22>4420000</I22>
      <Z22>91800</Z22>
      <AS2>1639</AS2>
      <J>87900</J>
      <S33POS>424094</S33POS>
      <S33NEG>424094</S33NEG>
      <S22POS>59328.86</S22POS>
      <S22NEG>59328.86</S22NEG>
      <R33>124.4487</R33>
      <R22>32.91375</R22>
  </STEEL_I_SECTION>

  <STEEL_I_SECTION>
      <LABEL>30B2</LABEL>
      <EDI_STD>30B2</EDI_STD>
      <DESIGNATION>W</DESIGNATION>
      <D>300</D>
      <BF>150</BF>
      <TF>9</TF>
      <TW>6.5</TW>
      <A>4678.07</A>
      <I33>7.21E+07</I33>
      <Z33>542000</Z33>
      <AS3>2250</AS3>
      <I22>5070000</I22>
      <Z22>105000</Z22>
      <AS2>1950</AS2>
      <J>127000</J>
      <S33POS>480666.7</S33POS>
      <S33NEG>480666.7</S33NEG>
      <S22POS>67600</S22POS>
      <S22NEG>67600</S22NEG>
      <R33>124.1464</R33>
      <R22>32.92082</R22>
  </STEEL_I_SECTION>

  <STEEL_I_SECTION>
      <LABEL>40B1</LABEL>
      <EDI_STD>40B1</EDI_STD>
      <DESIGNATION>W</DESIGNATION>
      <D>396</D>
      <BF>199</BF>
      <TF>11</TF>
      <TW>7</TW>
      <A>7215.75</A>
      <I33>2.002E+08</I33>
      <Z33>1128000</Z33>
      <AS3>3648.333</AS3>
      <I22>1.447E+07</I22>
      <Z22>224000</Z22>
      <AS2>2772</AS2>
      <J>271000</J>
      <S33POS>1011111</S33POS>
      <S33NEG>1011111</S33NEG>
      <S22POS>145427.1</S22POS>
      <S22NEG>145427.1</S22NEG>
      <R33>166.5679</R33>
      <R22>44.78097</R22>
  </STEEL_I_SECTION>

  <STEEL_I_SECTION>
      <LABEL>40B2</LABEL>
      <EDI_STD>40B2</EDI_STD>
      <DESIGNATION>W</DESIGNATION>
      <D>400</D>
      <BF>200</BF>
      <TF>13</TF>
      <TW>8</TW>
      <A>8411.75</A>
      <I33>2.3706E+08</I33>
      <Z33>1326000</Z33>
      <AS3>4333.333</AS3>
      <I22>1.736E+07</I22>
      <Z22>268000</Z22>
      <AS2>3200</AS2>
      <J>421000</J>
      <S33POS>1185300</S33POS>
      <S33NEG>1185300</S33NEG>
      <S22POS>173600</S22POS>
      <S22NEG>173600</S22NEG>
      <R33>167.875</R33>
      <R22>45.42884</R22>
  </STEEL_I_SECTION>

  <STEEL_I_SECTION>
      <LABEL>20?1</LABEL>
      <EDI_STD>20?1</EDI_STD>
      <DESIGNATION>W</DESIGNATION>
      <D>196</D>
      <BF>199</BF>
      <TF>10</TF>
      <TW>6.5</TW>
      <A>5269.07</A>
      <I33>3.846E+07</I33>
      <Z33>433000</Z33>
      <AS3>3316.667</AS3>
      <I22>1.314E+07</I22>
      <Z22>201000</Z22>
      <AS2>1274</AS2>
      <J>177000</J>
      <S33POS>392449</S33POS>
      <S33NEG>392449</S33NEG>
      <S22POS>132060.3</S22POS>
      <S22NEG>132060.3</S22NEG>
      <R33>85.43536</R33>
      <R22>49.93795</R22>
  </STEEL_I_SECTION>

  <STEEL_I_SECTION>
      <LABEL>20?2</LABEL>
      <EDI_STD>20?2</EDI_STD>
      <DESIGNATION>W</DESIGNATION>
      <D>200</D>
      <BF>200</BF>
      <TF>12</TF>
      <TW>8</TW>
      <A>6353.07</A>
      <I33>4.716E+07</I33>
      <Z33>525000</Z33>
      <AS3>4000</AS3>
      <I22>1.601E+07</I22>
      <Z22>244000</Z22>
      <AS2>1600</AS2>
      <J>302000</J>
      <S33POS>471600</S33POS>
      <S33NEG>471600</S33NEG>
      <S22POS>160100</S22POS>
      <S22NEG>160100</S22NEG>
      <R33>86.1579</R33>
      <R22>50.20002</R22>
  </STEEL_I_SECTION>

  <STEEL_I_SECTION>
      <LABEL>25?1</LABEL>
      <EDI_STD>25?1</EDI_STD>
      <DESIGNATION>W</DESIGNATION>
      <D>246</D>
      <BF>249</BF>
      <TF>12</TF>
      <TW>8</TW>
      <A>7971.75</A>
      <I33>9.171E+07</I33>
      <Z33>821000</Z33>
      <AS3>4980</AS3>
      <I22>3.09E+07</I22>
      <Z22>377000</Z22>
      <AS2>1968</AS2>
      <J>389000</J>
      <S33POS>745609.8</S33POS>
      <S33NEG>745609.8</S33NEG>
      <S22POS>248192.8</S22POS>
      <S22NEG>248192.8</S22NEG>
      <R33>107.2584</R33>
      <R22>62.25904</R22>
  </STEEL_I_SECTION>

  <STEEL_I_SECTION>
      <LABEL>25?2</LABEL>
      <EDI_STD>25?2</EDI_STD>
      <DESIGNATION>W</DESIGNATION>
      <D>250</D>
      <BF>250</BF>
      <TF>14</TF>
      <TW>9</TW>
      <A>9217.75</A>
      <I33>1.0833E+08</I33>
      <Z33>960000</Z33>
      <AS3>5833.333</AS3>
      <I22>3.649E+07</I22>
      <Z22>444000</Z22>
      <AS2>2250</AS2>
      <J>591000</J>
      <S33POS>866640</S33POS>
      <S33NEG>866640</S33NEG>
      <S22POS>291920</S22POS>
      <S22NEG>291920</S22NEG>
      <R33>108.4081</R33>
      <R22>62.91793</R22>
  </STEEL_I_SECTION>

  <STEEL_I_SECTION>
      <LABEL>30?1</LABEL>
      <EDI_STD>30?1</EDI_STD>
      <DESIGNATION>W</DESIGNATION>
      <D>298</D>
      <BF>299</BF>
      <TF>14</TF>
      <TW>9</TW>
      <A>11080.12</A>
      <I33>1.8849E+08</I33>
      <Z33>1389000</Z33>
      <AS3>6976.667</AS3>
      <I22>6.241E+07</I22>
      <Z22>634000</Z22>
      <AS2>2682</AS2>
      <J>716000</J>
      <S33POS>1265034</S33POS>
      <S33NEG>1265034</S33NEG>
      <S22POS>417458.2</S22POS>
      <S22NEG>417458.2</S22NEG>
      <R33>130.4283</R33>
      <R22>75.05071</R22>
  </STEEL_I_SECTION>

  <STEEL_I_SECTION>
      <LABEL>30?2</LABEL>
      <EDI_STD>30?2</EDI_STD>
      <DESIGNATION>W</DESIGNATION>
      <D>300</D>
      <BF>300</BF>
      <TF>15</TF>
      <TW>10</TW>
      <A>11978.12</A>
      <I33>2.0411E+08</I33>
      <Z33>1501000</Z33>
      <AS3>7500</AS3>
      <I22>6.755E+07</I22>
      <Z22>684000</Z22>
      <AS2>3000</AS2>
      <J>890000</J>
      <S33POS>1360733</S33POS>
      <S33NEG>1360733</S33NEG>
      <S22POS>450333.3</S22POS>
      <S22NEG>450333.3</S22NEG>
      <R33>130.5383</R33>
      <R22>75.09626</R22>
  </STEEL_I_SECTION>

</PROPERTY_FILE>
