<?xml version="1.0" encoding="utf-8" ?>

<PROPERTY_FILE xmlns="http://www.csiamerica.com"
 xmlns:xsi="http://www.w3.org/2001/XMLSchema-instance"
 xsi:schemaLocation="http://www.csiamerica.com CSIExtendedSectionPropertyFile.xsd">

  <CONTROL>
      <FILE_ID>CSI Frame Properties</FILE_ID>
      <VERSION>1</VERSION>
      <DESCRIPTION>ArcelorMittal_US_ASTM-A913M</DESCRIPTION>
      <LENGTH_UNITS>mm</LENGTH_UNITS>
  </CONTROL>

  <STEEL_I_SECTION>
      <LABEL>W250X250X73</LABEL>
      <EDI_STD>W250X250X73</EDI_STD>
      <DESIGNATION>W</DESIGNATION>
      <D>253</D>
      <BF>254</BF>
      <TF>14.2</TF>
      <TW>8.6</TW>
      <A>9290.229</A>
      <I33>1.129E+08</I33>
      <Z33>986000</Z33>
      <AS3>6011.333</AS3>
      <I22>3.88E+07</I22>
      <Z22>463000</Z22>
      <AS2>2175.8</AS2>
      <J>579000</J>
      <S33POS>892490.1</S33POS>
      <S33NEG>892490.1</S33NEG>
      <S22POS>305511.8</S22POS>
      <S22NEG>305511.8</S22NEG>
      <R33>110.2386</R33>
      <R22>64.62531</R22>
  </STEEL_I_SECTION>

  <STEEL_I_SECTION>
      <LABEL>W250X250X80</LABEL>
      <EDI_STD>W250X250X80</EDI_STD>
      <DESIGNATION>W</DESIGNATION>
      <D>256</D>
      <BF>255</BF>
      <TF>15.6</TF>
      <TW>9.4</TW>
      <A>10214.19</A>
      <I33>1.257E+08</I33>
      <Z33>1091000</Z33>
      <AS3>6630</AS3>
      <I22>4.314E+07</I22>
      <Z22>513000</Z22>
      <AS2>2406.4</AS2>
      <J>762000</J>
      <S33POS>982031.3</S33POS>
      <S33NEG>982031.3</S33NEG>
      <S22POS>338352.9</S22POS>
      <S22NEG>338352.9</S22NEG>
      <R33>110.9343</R33>
      <R22>64.98874</R22>
  </STEEL_I_SECTION>

  <STEEL_I_SECTION>
      <LABEL>W250X250X89</LABEL>
      <EDI_STD>W250X250X89</EDI_STD>
      <DESIGNATION>W</DESIGNATION>
      <D>260</D>
      <BF>256</BF>
      <TF>17.3</TF>
      <TW>10.7</TW>
      <A>11414.45</A>
      <I33>1.426E+08</I33>
      <Z33>1226000</Z33>
      <AS3>7381.333</AS3>
      <I22>4.841E+07</I22>
      <Z22>575000</Z22>
      <AS2>2782</AS2>
      <J>1040000</J>
      <S33POS>1096923</S33POS>
      <S33NEG>1096923</S33NEG>
      <S22POS>378203.1</S22POS>
      <S22NEG>378203.1</S22NEG>
      <R33>111.7718</R33>
      <R22>65.12385</R22>
  </STEEL_I_SECTION>

  <STEEL_I_SECTION>
      <LABEL>W250X250X101</LABEL>
      <EDI_STD>W250X250X101</EDI_STD>
      <DESIGNATION>W</DESIGNATION>
      <D>264</D>
      <BF>257</BF>
      <TF>19.6</TF>
      <TW>11.9</TW>
      <A>12894.59</A>
      <I33>1.638E+08</I33>
      <Z33>1398000</Z33>
      <AS3>8395.333</AS3>
      <I22>5.549E+07</I22>
      <Z22>657000</Z22>
      <AS2>3141.6</AS2>
      <J>1500000</J>
      <S33POS>1240909</S33POS>
      <S33NEG>1240909</S33NEG>
      <S22POS>431828.8</S22POS>
      <S22NEG>431828.8</S22NEG>
      <R33>112.7076</R33>
      <R22>65.59996</R22>
  </STEEL_I_SECTION>

  <STEEL_I_SECTION>
      <LABEL>W250X250X115</LABEL>
      <EDI_STD>W250X250X115</EDI_STD>
      <DESIGNATION>W</DESIGNATION>
      <D>269</D>
      <BF>259</BF>
      <TF>22.1</TF>
      <TW>13.5</TW>
      <A>14627.67</A>
      <I33>1.894E+08</I33>
      <Z33>1599000</Z33>
      <AS3>9539.833</AS3>
      <I22>6.405E+07</I22>
      <Z22>753000</Z22>
      <AS2>3631.5</AS2>
      <J>2150000</J>
      <S33POS>1408179</S33POS>
      <S33NEG>1408179</S33NEG>
      <S22POS>494594.6</S22POS>
      <S22NEG>494594.6</S22NEG>
      <R33>113.7896</R33>
      <R22>66.17165</R22>
  </STEEL_I_SECTION>

  <STEEL_I_SECTION>
      <LABEL>W250X250X131</LABEL>
      <EDI_STD>W250X250X131</EDI_STD>
      <DESIGNATION>W</DESIGNATION>
      <D>275</D>
      <BF>261</BF>
      <TF>25.1</TF>
      <TW>15.4</TW>
      <A>16709.19</A>
      <I33>2.215E+08</I33>
      <Z33>1847000</Z33>
      <AS3>10918.5</AS3>
      <I22>7.446E+07</I22>
      <Z22>870000</Z22>
      <AS2>4235</AS2>
      <J>3160000</J>
      <S33POS>1610909</S33POS>
      <S33NEG>1610909</S33NEG>
      <S22POS>570574.7</S22POS>
      <S22NEG>570574.7</S22NEG>
      <R33>115.1355</R33>
      <R22>66.755</R22>
  </STEEL_I_SECTION>

  <STEEL_I_SECTION>
      <LABEL>W250X250X149</LABEL>
      <EDI_STD>W250X250X149</EDI_STD>
      <DESIGNATION>W</DESIGNATION>
      <D>282</D>
      <BF>263</BF>
      <TF>28.4</TF>
      <TW>17.3</TW>
      <A>18979.43</A>
      <I33>2.594E+08</I33>
      <Z33>2129000</Z33>
      <AS3>12448.67</AS3>
      <I22>8.622E+07</I22>
      <Z22>1001000</Z22>
      <AS2>4878.6</AS2>
      <J>4570000</J>
      <S33POS>1839716</S33POS>
      <S33NEG>1839716</S33NEG>
      <S22POS>655665.4</S22POS>
      <S22NEG>655665.4</S22NEG>
      <R33>116.9078</R33>
      <R22>67.40039</R22>
  </STEEL_I_SECTION>

  <STEEL_I_SECTION>
      <LABEL>W250X250X167</LABEL>
      <EDI_STD>W250X250X167</EDI_STD>
      <DESIGNATION>W</DESIGNATION>
      <D>289</D>
      <BF>265</BF>
      <TF>31.8</TF>
      <TW>19.2</TW>
      <A>21326.75</A>
      <I33>3.002E+08</I33>
      <Z33>2427000</Z33>
      <AS3>14045</AS3>
      <I22>9.879E+07</I22>
      <Z22>1139000</Z22>
      <AS2>5548.8</AS2>
      <J>6390000</J>
      <S33POS>2077509</S33POS>
      <S33NEG>2077509</S33NEG>
      <S22POS>745584.9</S22POS>
      <S22NEG>745584.9</S22NEG>
      <R33>118.6432</R33>
      <R22>68.06035</R22>
  </STEEL_I_SECTION>

  <STEEL_I_SECTION>
      <LABEL>W310X310X97</LABEL>
      <EDI_STD>W310X310X97</EDI_STD>
      <DESIGNATION>W</DESIGNATION>
      <D>308</D>
      <BF>305</BF>
      <TF>15.4</TF>
      <TW>9.9</TW>
      <A>12331.42</A>
      <I33>2.224E+08</I33>
      <Z33>1591000</Z33>
      <AS3>7828.333</AS3>
      <I22>7.286E+07</I22>
      <Z22>725000</Z22>
      <AS2>3049.2</AS2>
      <J>915000</J>
      <S33POS>1444156</S33POS>
      <S33NEG>1444156</S33NEG>
      <S22POS>477770.5</S22POS>
      <S22NEG>477770.5</S22NEG>
      <R33>134.2953</R33>
      <R22>76.86667</R22>
  </STEEL_I_SECTION>

  <STEEL_I_SECTION>
      <LABEL>W310X310X107</LABEL>
      <EDI_STD>W310X310X107</EDI_STD>
      <DESIGNATION>W</DESIGNATION>
      <D>311</D>
      <BF>306</BF>
      <TF>17</TF>
      <TW>10.9</TW>
      <A>13616.44</A>
      <I33>2.479E+08</I33>
      <Z33>1765000</Z33>
      <AS3>8670</AS3>
      <I22>8.123E+07</I22>
      <Z22>806000</Z22>
      <AS2>3389.9</AS2>
      <J>1220000</J>
      <S33POS>1594212</S33POS>
      <S33NEG>1594212</S33NEG>
      <S22POS>530915.1</S22POS>
      <S22NEG>530915.1</S22NEG>
      <R33>134.9294</R33>
      <R22>77.23718</R22>
  </STEEL_I_SECTION>

  <STEEL_I_SECTION>
      <LABEL>W310X310X117</LABEL>
      <EDI_STD>W310X310X117</EDI_STD>
      <DESIGNATION>W</DESIGNATION>
      <D>314</D>
      <BF>307</BF>
      <TF>18.7</TF>
      <TW>11.9</TW>
      <A>14966.48</A>
      <I33>2.751E+08</I33>
      <Z33>1949000</Z33>
      <AS3>9568.167</AS3>
      <I22>9.024E+07</I22>
      <Z22>893000</Z22>
      <AS2>3736.6</AS2>
      <J>1610000</J>
      <S33POS>1752229</S33POS>
      <S33NEG>1752229</S33NEG>
      <S22POS>587882.8</S22POS>
      <S22NEG>587882.8</S22NEG>
      <R33>135.5768</R33>
      <R22>77.64969</R22>
  </STEEL_I_SECTION>

  <STEEL_I_SECTION>
      <LABEL>W310X310X129</LABEL>
      <EDI_STD>W310X310X129</EDI_STD>
      <DESIGNATION>W</DESIGNATION>
      <D>318</D>
      <BF>308</BF>
      <TF>20.6</TF>
      <TW>13.1</TW>
      <A>16508.82</A>
      <I33>3.077E+08</I33>
      <Z33>2164000</Z33>
      <AS3>10574.67</AS3>
      <I22>1.004E+08</I22>
      <Z22>991000</Z22>
      <AS2>4165.8</AS2>
      <J>2150000</J>
      <S33POS>1935220</S33POS>
      <S33NEG>1935220</S33NEG>
      <S22POS>651948.1</S22POS>
      <S22NEG>651948.1</S22NEG>
      <R33>136.523</R33>
      <R22>77.9846</R22>
  </STEEL_I_SECTION>

  <STEEL_I_SECTION>
      <LABEL>W310X310X143</LABEL>
      <EDI_STD>W310X310X143</EDI_STD>
      <DESIGNATION>W</DESIGNATION>
      <D>323</D>
      <BF>309</BF>
      <TF>22.9</TF>
      <TW>14</TW>
      <A>18226.14</A>
      <I33>3.476E+08</I33>
      <Z33>2419000</Z33>
      <AS3>11793.5</AS3>
      <I22>1.127E+08</I22>
      <Z22>1109000</Z22>
      <AS2>4522</AS2>
      <J>2880000</J>
      <S33POS>2152322</S33POS>
      <S33NEG>2152322</S33NEG>
      <S22POS>729449.8</S22POS>
      <S22NEG>729449.8</S22NEG>
      <R33>138.0996</R33>
      <R22>78.63477</R22>
  </STEEL_I_SECTION>

  <STEEL_I_SECTION>
      <LABEL>W310X310X158</LABEL>
      <EDI_STD>W310X310X158</EDI_STD>
      <DESIGNATION>W</DESIGNATION>
      <D>327</D>
      <BF>310</BF>
      <TF>25.1</TF>
      <TW>15.5</TW>
      <A>20045.54</A>
      <I33>3.863E+08</I33>
      <Z33>2672000</Z33>
      <AS3>12968.33</AS3>
      <I22>1.247E+08</I22>
      <Z22>1225000</Z22>
      <AS2>5068.5</AS2>
      <J>3800000</J>
      <S33POS>2362691</S33POS>
      <S33NEG>2362691</S33NEG>
      <S22POS>804516.1</S22POS>
      <S22NEG>804516.1</S22NEG>
      <R33>138.8205</R33>
      <R22>78.87228</R22>
  </STEEL_I_SECTION>

  <STEEL_I_SECTION>
      <LABEL>W310X310X179</LABEL>
      <EDI_STD>W310X310X179</EDI_STD>
      <DESIGNATION>W</DESIGNATION>
      <D>333</D>
      <BF>313</BF>
      <TF>28.1</TF>
      <TW>18</TW>
      <A>22766.14</A>
      <I33>4.453E+08</I33>
      <Z33>3053000</Z33>
      <AS3>14658.83</AS3>
      <I22>1.438E+08</I22>
      <Z22>1401000</Z22>
      <AS2>5994</AS2>
      <J>5440000</J>
      <S33POS>2674475</S33POS>
      <S33NEG>2674475</S33NEG>
      <S22POS>918849.8</S22POS>
      <S22NEG>918849.8</S22NEG>
      <R33>139.8562</R33>
      <R22>79.47577</R22>
  </STEEL_I_SECTION>

  <STEEL_I_SECTION>
      <LABEL>W310X310X202</LABEL>
      <EDI_STD>W310X310X202</EDI_STD>
      <DESIGNATION>W</DESIGNATION>
      <D>341</D>
      <BF>315</BF>
      <TF>31.8</TF>
      <TW>20.1</TW>
      <A>25802.88</A>
      <I33>5.1982E+08</I33>
      <Z33>3510000</Z33>
      <AS3>16695</AS3>
      <I22>1.659E+08</I22>
      <Z22>1608000</Z22>
      <AS2>6854.1</AS2>
      <J>7830000</J>
      <S33POS>3048798</S33POS>
      <S33NEG>3048798</S33NEG>
      <S22POS>1053333</S22POS>
      <S22NEG>1053333</S22NEG>
      <R33>141.9359</R33>
      <R22>80.18426</R22>
  </STEEL_I_SECTION>

  <STEEL_I_SECTION>
      <LABEL>W310X310X226</LABEL>
      <EDI_STD>W310X310X226</EDI_STD>
      <DESIGNATION>W</DESIGNATION>
      <D>348</D>
      <BF>317</BF>
      <TF>35.6</TF>
      <TW>22.1</TW>
      <A>28880.82</A>
      <I33>5.956E+08</I33>
      <Z33>3975000</Z33>
      <AS3>18808.67</AS3>
      <I22>1.893E+08</I22>
      <Z22>1825000</Z22>
      <AS2>7690.8</AS2>
      <J>1.089E+07</J>
      <S33POS>3422989</S33POS>
      <S33NEG>3422989</S33NEG>
      <S22POS>1194322</S22POS>
      <S22NEG>1194322</S22NEG>
      <R33>143.606</R33>
      <R22>80.96001</R22>
  </STEEL_I_SECTION>

  <STEEL_I_SECTION>
      <LABEL>W310X310X253</LABEL>
      <EDI_STD>W310X310X253</EDI_STD>
      <DESIGNATION>W</DESIGNATION>
      <D>356</D>
      <BF>319</BF>
      <TF>39.6</TF>
      <TW>24.4</TW>
      <A>32211.86</A>
      <I33>6.823E+08</I33>
      <Z33>4490000</Z33>
      <AS3>21054</AS3>
      <I22>2.146E+08</I22>
      <Z22>2059000</Z22>
      <AS2>8686.4</AS2>
      <J>1.495E+07</J>
      <S33POS>3833146</S33POS>
      <S33NEG>3833146</S33NEG>
      <S22POS>1345455</S22POS>
      <S22NEG>1345455</S22NEG>
      <R33>145.5391</R33>
      <R22>81.62195</R22>
  </STEEL_I_SECTION>

  <STEEL_I_SECTION>
      <LABEL>W310X310X283</LABEL>
      <EDI_STD>W310X310X283</EDI_STD>
      <DESIGNATION>W</DESIGNATION>
      <D>365</D>
      <BF>322</BF>
      <TF>44.1</TF>
      <TW>26.9</TW>
      <A>36039.46</A>
      <I33>7.868E+08</I33>
      <Z33>5098000</Z33>
      <AS3>23667</AS3>
      <I22>2.459E+08</I22>
      <Z22>2340000</Z22>
      <AS2>9818.5</AS2>
      <J>2.062E+07</J>
      <S33POS>4311233</S33POS>
      <S33NEG>4311233</S33NEG>
      <S22POS>1527329</S22POS>
      <S22NEG>1527329</S22NEG>
      <R33>147.7553</R33>
      <R22>82.60191</R22>
  </STEEL_I_SECTION>

  <STEEL_I_SECTION>
      <LABEL>W310X310X313</LABEL>
      <EDI_STD>W310X310X313</EDI_STD>
      <DESIGNATION>W</DESIGNATION>
      <D>374</D>
      <BF>325</BF>
      <TF>48.3</TF>
      <TW>30</TW>
      <A>39910.14</A>
      <I33>8.956E+08</I33>
      <Z33>5716000</Z33>
      <AS3>26162.5</AS3>
      <I22>2.77E+08</I22>
      <Z22>2617000</Z22>
      <AS2>11220</AS2>
      <J>2.742E+07</J>
      <S33POS>4789305</S33POS>
      <S33NEG>4789305</S33NEG>
      <S22POS>1704615</S22POS>
      <S22NEG>1704615</S22NEG>
      <R33>149.8012</R33>
      <R22>83.31022</R22>
  </STEEL_I_SECTION>

  <STEEL_I_SECTION>
      <LABEL>W310X310X342</LABEL>
      <EDI_STD>W310X310X342</EDI_STD>
      <DESIGNATION>W</DESIGNATION>
      <D>382</D>
      <BF>328</BF>
      <TF>52.6</TF>
      <TW>32.6</TW>
      <A>43722.42</A>
      <I33>1.005E+09</I33>
      <Z33>6334000</Z33>
      <AS3>28754.67</AS3>
      <I22>3.102E+08</I22>
      <Z22>2907000</Z22>
      <AS2>12453.2</AS2>
      <J>3.552E+07</J>
      <S33POS>5261780</S33POS>
      <S33NEG>5261780</S33NEG>
      <S22POS>1891463</S22POS>
      <S22NEG>1891463</S22NEG>
      <R33>151.6111</R33>
      <R22>84.23038</R22>
  </STEEL_I_SECTION>

  <STEEL_I_SECTION>
      <LABEL>W360X370X134</LABEL>
      <EDI_STD>W360X370X134</EDI_STD>
      <DESIGNATION>W</DESIGNATION>
      <D>356</D>
      <BF>369</BF>
      <TF>18</TF>
      <TW>11.2</TW>
      <A>17061.14</A>
      <I33>4.151E+08</I33>
      <Z33>2562000</Z33>
      <AS3>11070</AS3>
      <I22>1.508E+08</I22>
      <Z22>1237000</Z22>
      <AS2>3987.2</AS2>
      <J>1690000</J>
      <S33POS>2332023</S33POS>
      <S33NEG>2332023</S33NEG>
      <S22POS>817344.2</S22POS>
      <S22NEG>817344.2</S22NEG>
      <R33>155.9812</R33>
      <R22>94.01489</R22>
  </STEEL_I_SECTION>

  <STEEL_I_SECTION>
      <LABEL>W360X370X147</LABEL>
      <EDI_STD>W360X370X147</EDI_STD>
      <DESIGNATION>W</DESIGNATION>
      <D>360</D>
      <BF>370</BF>
      <TF>19.8</TF>
      <TW>12.3</TW>
      <A>18786.06</A>
      <I33>4.629E+08</I33>
      <Z33>2838000</Z33>
      <AS3>12210</AS3>
      <I22>1.672E+08</I22>
      <Z22>1369000</Z22>
      <AS2>4428</AS2>
      <J>2240000</J>
      <S33POS>2571667</S33POS>
      <S33NEG>2571667</S33NEG>
      <S22POS>903783.8</S22POS>
      <S22NEG>903783.8</S22NEG>
      <R33>156.9733</R33>
      <R22>94.34096</R22>
  </STEEL_I_SECTION>

  <STEEL_I_SECTION>
      <LABEL>W360X370X162</LABEL>
      <EDI_STD>W360X370X162</EDI_STD>
      <DESIGNATION>W</DESIGNATION>
      <D>364</D>
      <BF>371</BF>
      <TF>21.8</TF>
      <TW>13.3</TW>
      <A>20630.06</A>
      <I33>5.154E+08</I33>
      <Z33>3139000</Z33>
      <AS3>13479.67</AS3>
      <I22>1.856E+08</I22>
      <Z22>1516000</Z22>
      <AS2>4841.2</AS2>
      <J>2960000</J>
      <S33POS>2831868</S33POS>
      <S33NEG>2831868</S33NEG>
      <S22POS>1000539</S22POS>
      <S22NEG>1000539</S22NEG>
      <R33>158.06</R33>
      <R22>94.8503</R22>
  </STEEL_I_SECTION>

  <STEEL_I_SECTION>
      <LABEL>W360X370X179</LABEL>
      <EDI_STD>W360X370X179</EDI_STD>
      <DESIGNATION>W</DESIGNATION>
      <D>368</D>
      <BF>373</BF>
      <TF>23.9</TF>
      <TW>15</TW>
      <A>22825.54</A>
      <I33>5.744E+08</I33>
      <Z33>3482000</Z33>
      <AS3>14857.83</AS3>
      <I22>2.068E+08</I22>
      <Z22>1683000</Z22>
      <AS2>5520</AS2>
      <J>3940000</J>
      <S33POS>3121739</S33POS>
      <S33NEG>3121739</S33NEG>
      <S22POS>1108847</S22POS>
      <S22NEG>1108847</S22NEG>
      <R33>158.6342</R33>
      <R22>95.18417</R22>
  </STEEL_I_SECTION>

  <STEEL_I_SECTION>
      <LABEL>W360X370X196</LABEL>
      <EDI_STD>W360X370X196</EDI_STD>
      <DESIGNATION>W</DESIGNATION>
      <D>372</D>
      <BF>374</BF>
      <TF>26.2</TF>
      <TW>16.4</TW>
      <A>25032.18</A>
      <I33>6.363E+08</I33>
      <Z33>3837000</Z33>
      <AS3>16331.33</AS3>
      <I22>2.286E+08</I22>
      <Z22>1856000</Z22>
      <AS2>6100.8</AS2>
      <J>5170000</J>
      <S33POS>3420968</S33POS>
      <S33NEG>3420968</S33NEG>
      <S22POS>1222460</S22POS>
      <S22NEG>1222460</S22NEG>
      <R33>159.4342</R33>
      <R22>95.56278</R22>
  </STEEL_I_SECTION>

  <STEEL_I_SECTION>
      <LABEL>W360X410X216</LABEL>
      <EDI_STD>W360X410X216</EDI_STD>
      <DESIGNATION>W</DESIGNATION>
      <D>375</D>
      <BF>394</BF>
      <TF>27.7</TF>
      <TW>17.3</TW>
      <A>27549.82</A>
      <I33>7.114E+08</I33>
      <Z33>4262000</Z33>
      <AS3>18189.67</AS3>
      <I22>2.825E+08</I22>
      <Z22>2176000</Z22>
      <AS2>6487.5</AS2>
      <J>6370000</J>
      <S33POS>3794133</S33POS>
      <S33NEG>3794133</S33NEG>
      <S22POS>1434010</S22POS>
      <S22NEG>1434010</S22NEG>
      <R33>160.6932</R33>
      <R22>101.2628</R22>
  </STEEL_I_SECTION>

  <STEEL_I_SECTION>
      <LABEL>W360X410X237</LABEL>
      <EDI_STD>W360X410X237</EDI_STD>
      <DESIGNATION>W</DESIGNATION>
      <D>380</D>
      <BF>395</BF>
      <TF>30.2</TF>
      <TW>18.9</TW>
      <A>30091.58</A>
      <I33>7.878E+08</I33>
      <Z33>4686000</Z33>
      <AS3>19881.67</AS3>
      <I22>3.104E+08</I22>
      <Z22>2387000</Z22>
      <AS2>7182</AS2>
      <J>8260000</J>
      <S33POS>4146316</S33POS>
      <S33NEG>4146316</S33NEG>
      <S22POS>1571646</S22POS>
      <S22NEG>1571646</S22NEG>
      <R33>161.8026</R33>
      <R22>101.5637</R22>
  </STEEL_I_SECTION>

  <STEEL_I_SECTION>
      <LABEL>W360X410X262</LABEL>
      <EDI_STD>W360X410X262</EDI_STD>
      <DESIGNATION>W</DESIGNATION>
      <D>387</D>
      <BF>398</BF>
      <TF>33.3</TF>
      <TW>21.1</TW>
      <A>33460.38</A>
      <I33>8.941E+08</I33>
      <Z33>5260000</Z33>
      <AS3>22089</AS3>
      <I22>3.502E+08</I22>
      <Z22>2676000</Z22>
      <AS2>8165.7</AS2>
      <J>1.116E+07</J>
      <S33POS>4620672</S33POS>
      <S33NEG>4620672</S33NEG>
      <S22POS>1759799</S22POS>
      <S22NEG>1759799</S22NEG>
      <R33>163.4661</R33>
      <R22>102.304</R22>
  </STEEL_I_SECTION>

  <STEEL_I_SECTION>
      <LABEL>W360X410X287</LABEL>
      <EDI_STD>W360X410X287</EDI_STD>
      <DESIGNATION>W</DESIGNATION>
      <D>393</D>
      <BF>399</BF>
      <TF>36.6</TF>
      <TW>22.6</TW>
      <A>36627.42</A>
      <I33>9.971E+08</I33>
      <Z33>5813000</Z33>
      <AS3>24339</AS3>
      <I22>3.878E+08</I22>
      <Z22>2957000</Z22>
      <AS2>8881.8</AS2>
      <J>1.464E+07</J>
      <S33POS>5074301</S33POS>
      <S33NEG>5074301</S33NEG>
      <S22POS>1943860</S22POS>
      <S22NEG>1943860</S22NEG>
      <R33>164.9933</R33>
      <R22>102.8965</R22>
  </STEEL_I_SECTION>

  <STEEL_I_SECTION>
      <LABEL>W360X410X314</LABEL>
      <EDI_STD>W360X410X314</EDI_STD>
      <DESIGNATION>W</DESIGNATION>
      <D>399</D>
      <BF>401</BF>
      <TF>39.6</TF>
      <TW>24.9</TW>
      <A>39915.36</A>
      <I33>1.102E+09</I33>
      <Z33>6374000</Z33>
      <AS3>26466</AS3>
      <I22>4.26E+08</I22>
      <Z22>3236000</Z22>
      <AS2>9935.1</AS2>
      <J>1.87E+07</J>
      <S33POS>5523810</S33POS>
      <S33NEG>5523810</S33NEG>
      <S22POS>2124688</S22POS>
      <S22NEG>2124688</S22NEG>
      <R33>166.1578</R33>
      <R22>103.3082</R22>
  </STEEL_I_SECTION>

  <STEEL_I_SECTION>
      <LABEL>W360X410X347</LABEL>
      <EDI_STD>W360X410X347</EDI_STD>
      <DESIGNATION>W</DESIGNATION>
      <D>407</D>
      <BF>404</BF>
      <TF>43.7</TF>
      <TW>27.2</TW>
      <A>44195.86</A>
      <I33>1.249E+09</I33>
      <Z33>7139000</Z33>
      <AS3>29424.67</AS3>
      <I22>4.809E+08</I22>
      <Z22>3629000</Z22>
      <AS2>11070.4</AS2>
      <J>2.51E+07</J>
      <S33POS>6137592</S33POS>
      <S33NEG>6137592</S33NEG>
      <S22POS>2380693</S22POS>
      <S22NEG>2380693</S22NEG>
      <R33>168.1088</R33>
      <R22>104.3126</R22>
  </STEEL_I_SECTION>

  <STEEL_I_SECTION>
      <LABEL>W360X410X382</LABEL>
      <EDI_STD>W360X410X382</EDI_STD>
      <DESIGNATION>W</DESIGNATION>
      <D>416</D>
      <BF>406</BF>
      <TF>48</TF>
      <TW>29.8</TW>
      <A>48705.14</A>
      <I33>1.413E+09</I33>
      <Z33>7965000</Z33>
      <AS3>32480</AS3>
      <I22>5.362E+08</I22>
      <Z22>4031000</Z22>
      <AS2>12396.8</AS2>
      <J>3.326E+07</J>
      <S33POS>6793269</S33POS>
      <S33NEG>6793269</S33NEG>
      <S22POS>2641379</S22POS>
      <S22NEG>2641379</S22NEG>
      <R33>170.3271</R33>
      <R22>104.9243</R22>
  </STEEL_I_SECTION>

  <STEEL_I_SECTION>
      <LABEL>W360X410X421</LABEL>
      <EDI_STD>W360X410X421</EDI_STD>
      <DESIGNATION>W</DESIGNATION>
      <D>425</D>
      <BF>409</BF>
      <TF>52.6</TF>
      <TW>32.8</TW>
      <A>53709.38</A>
      <I33>1.596E+09</I33>
      <Z33>8880000</Z33>
      <AS3>35855.67</AS3>
      <I22>6.008E+08</I22>
      <Z22>4489000</Z22>
      <AS2>13940</AS2>
      <J>4.398E+07</J>
      <S33POS>7510588</S33POS>
      <S33NEG>7510588</S33NEG>
      <S22POS>2937897</S22POS>
      <S22NEG>2937897</S22NEG>
      <R33>172.3818</R33>
      <R22>105.7645</R22>
  </STEEL_I_SECTION>

  <STEEL_I_SECTION>
      <LABEL>W360X410X463</LABEL>
      <EDI_STD>W360X410X463</EDI_STD>
      <DESIGNATION>W</DESIGNATION>
      <D>435</D>
      <BF>412</BF>
      <TF>57.4</TF>
      <TW>35.8</TW>
      <A>58953.9</A>
      <I33>1.802E+09</I33>
      <Z33>9878000</Z33>
      <AS3>39414.67</AS3>
      <I22>6.704E+08</I22>
      <Z22>4978000</Z22>
      <AS2>15573</AS2>
      <J>5.735E+07</J>
      <S33POS>8285058</S33POS>
      <S33NEG>8285058</S33NEG>
      <S22POS>3254369</S22POS>
      <S22NEG>3254369</S22NEG>
      <R33>174.8321</R33>
      <R22>106.6377</R22>
  </STEEL_I_SECTION>

  <STEEL_I_SECTION>
      <LABEL>W360X410X509</LABEL>
      <EDI_STD>W360X410X509</EDI_STD>
      <DESIGNATION>W</DESIGNATION>
      <D>446</D>
      <BF>416</BF>
      <TF>62.7</TF>
      <TW>39.1</TW>
      <A>64895</A>
      <I33>2.045E+09</I33>
      <Z33>1.103E+07</Z33>
      <AS3>43472</AS3>
      <I22>7.54E+08</I22>
      <Z22>5552000</Z22>
      <AS2>17438.6</AS2>
      <J>7.513E+07</J>
      <S33POS>9170403</S33POS>
      <S33NEG>9170403</S33NEG>
      <S22POS>3625000</S22POS>
      <S22NEG>3625000</S22NEG>
      <R33>177.5174</R33>
      <R22>107.7904</R22>
  </STEEL_I_SECTION>

  <STEEL_I_SECTION>
      <LABEL>W360X410X551</LABEL>
      <EDI_STD>W360X410X551</EDI_STD>
      <DESIGNATION>W</DESIGNATION>
      <D>455</D>
      <BF>418</BF>
      <TF>67.6</TF>
      <TW>42</TW>
      <A>70138.34</A>
      <I33>2.261E+09</I33>
      <Z33>1.205E+07</Z33>
      <AS3>47094.67</AS3>
      <I22>8.249E+08</I22>
      <Z22>6051000</Z22>
      <AS2>19110</AS2>
      <J>9.41E+07</J>
      <S33POS>9938461</S33POS>
      <S33NEG>9938461</S33NEG>
      <S22POS>3946890</S22POS>
      <S22NEG>3946890</S22NEG>
      <R33>179.5447</R33>
      <R22>108.4483</R22>
  </STEEL_I_SECTION>

  <STEEL_I_SECTION>
      <LABEL>W360X410X592</LABEL>
      <EDI_STD>W360X410X592</EDI_STD>
      <DESIGNATION>W</DESIGNATION>
      <D>465</D>
      <BF>421</BF>
      <TF>72.3</TF>
      <TW>45</TW>
      <A>75487.74</A>
      <I33>2.502E+09</I33>
      <Z33>1.314E+07</Z33>
      <AS3>50730.5</AS3>
      <I22>9.017E+08</I22>
      <Z22>6574000</Z22>
      <AS2>20925</AS2>
      <J>1.156E+08</J>
      <S33POS>1.076129E+07</S33POS>
      <S33NEG>1.076129E+07</S33NEG>
      <S22POS>4283611</S22POS>
      <S22NEG>4283611</S22NEG>
      <R33>182.0562</R33>
      <R22>109.2931</R22>
  </STEEL_I_SECTION>

  <STEEL_I_SECTION>
      <LABEL>W360X410X634</LABEL>
      <EDI_STD>W360X410X634</EDI_STD>
      <DESIGNATION>W</DESIGNATION>
      <D>474</D>
      <BF>424</BF>
      <TF>77.1</TF>
      <TW>47.6</TW>
      <A>80796.42</A>
      <I33>2.742E+09</I33>
      <Z33>1.422E+07</Z33>
      <AS3>54484</AS3>
      <I22>9.825E+08</I22>
      <Z22>7117000</Z22>
      <AS2>22562.4</AS2>
      <J>1.402E+08</J>
      <S33POS>1.156962E+07</S33POS>
      <S33NEG>1.156962E+07</S33NEG>
      <S22POS>4634434</S22POS>
      <S22NEG>4634434</S22NEG>
      <R33>184.2204</R33>
      <R22>110.2733</R22>
  </STEEL_I_SECTION>

  <STEEL_I_SECTION>
      <LABEL>W360X410X677</LABEL>
      <EDI_STD>W360X410X677</EDI_STD>
      <DESIGNATION>W</DESIGNATION>
      <D>483</D>
      <BF>428</BF>
      <TF>81.5</TF>
      <TW>51.2</TW>
      <A>86341.14</A>
      <I33>2.995E+09</I33>
      <Z33>1.535E+07</Z33>
      <AS3>58136.67</AS3>
      <I22>1.069E+09</I22>
      <Z22>7680000</Z22>
      <AS2>24729.6</AS2>
      <J>1.679E+08</J>
      <S33POS>1.240166E+07</S33POS>
      <S33NEG>1.240166E+07</S33NEG>
      <S22POS>4995327</S22POS>
      <S22NEG>4995327</S22NEG>
      <R33>186.2471</R33>
      <R22>111.2705</R22>
  </STEEL_I_SECTION>

  <STEEL_I_SECTION>
      <LABEL>W360X410X744</LABEL>
      <EDI_STD>W360X410X744</EDI_STD>
      <DESIGNATION>W</DESIGNATION>
      <D>498</D>
      <BF>432</BF>
      <TF>88.9</TF>
      <TW>55.6</TW>
      <A>94805.86</A>
      <I33>3.421E+09</I33>
      <Z33>1.717E+07</Z33>
      <AS3>64008</AS3>
      <I22>1.199E+09</I22>
      <Z22>8549000</Z22>
      <AS2>27688.8</AS2>
      <J>2.184E+08</J>
      <S33POS>1.373896E+07</S33POS>
      <S33NEG>1.373896E+07</S33NEG>
      <S22POS>5550926</S22POS>
      <S22NEG>5550926</S22NEG>
      <R33>189.9586</R33>
      <R22>112.4584</R22>
  </STEEL_I_SECTION>

  <STEEL_I_SECTION>
      <LABEL>W360X410X818</LABEL>
      <EDI_STD>W360X410X818</EDI_STD>
      <DESIGNATION>W</DESIGNATION>
      <D>514</D>
      <BF>437</BF>
      <TF>97</TF>
      <TW>60.5</TW>
      <A>104331.1</A>
      <I33>3.922E+09</I33>
      <Z33>1.926E+07</Z33>
      <AS3>70648.34</AS3>
      <I22>1.355E+09</I22>
      <Z22>9561000</Z22>
      <AS2>31097</AS2>
      <J>2.851E+08</J>
      <S33POS>1.52607E+07</S33POS>
      <S33NEG>1.52607E+07</S33NEG>
      <S22POS>6201374</S22POS>
      <S22NEG>6201374</S22NEG>
      <R33>193.8862</R33>
      <R22>113.9627</R22>
  </STEEL_I_SECTION>

  <STEEL_I_SECTION>
      <LABEL>W360X410X900</LABEL>
      <EDI_STD>W360X410X900</EDI_STD>
      <DESIGNATION>W</DESIGNATION>
      <D>531</D>
      <BF>442</BF>
      <TF>106</TF>
      <TW>65.9</TW>
      <A>114919.2</A>
      <I33>4.502E+09</I33>
      <Z33>2.162E+07</Z33>
      <AS3>78086.66</AS3>
      <I22>1.533E+09</I22>
      <Z22>1.071E+07</Z22>
      <AS2>34992.9</AS2>
      <J>3.735E+08</J>
      <S33POS>1.695669E+07</S33POS>
      <S33NEG>1.695669E+07</S33NEG>
      <S22POS>6936652</S22POS>
      <S22NEG>6936652</S22NEG>
      <R33>197.9276</R33>
      <R22>115.4981</R22>
  </STEEL_I_SECTION>

  <STEEL_I_SECTION>
      <LABEL>W360X410X990</LABEL>
      <EDI_STD>W360X410X990</EDI_STD>
      <DESIGNATION>W</DESIGNATION>
      <D>550</D>
      <BF>448</BF>
      <TF>115</TF>
      <TW>71.9</TW>
      <A>126241.1</A>
      <I33>5.189E+09</I33>
      <Z33>2.428E+07</Z33>
      <AS3>85866.66</AS3>
      <I22>1.734E+09</I22>
      <Z22>1.196E+07</Z22>
      <AS2>39545</AS2>
      <J>4.821E+08</J>
      <S33POS>1.886909E+07</S33POS>
      <S33NEG>1.886909E+07</S33NEG>
      <S22POS>7741072</S22POS>
      <S22NEG>7741072</S22NEG>
      <R33>202.7409</R33>
      <R22>117.1991</R22>
  </STEEL_I_SECTION>

  <STEEL_I_SECTION>
      <LABEL>W360X410X1086</LABEL>
      <EDI_STD>W360X410X1086</EDI_STD>
      <DESIGNATION>W</DESIGNATION>
      <D>569</D>
      <BF>454</BF>
      <TF>125</TF>
      <TW>78</TW>
      <A>138575.1</A>
      <I33>5.957E+09</I33>
      <Z33>2.721E+07</Z33>
      <AS3>94583.34</AS3>
      <I22>1.962E+09</I22>
      <Z22>1.338E+07</Z22>
      <AS2>44382</AS2>
      <J>6.229E+08</J>
      <S33POS>2.093849E+07</S33POS>
      <S33NEG>2.093849E+07</S33NEG>
      <S22POS>8643172</S22POS>
      <S22NEG>8643172</S22NEG>
      <R33>207.3343</R33>
      <R22>118.989</R22>
  </STEEL_I_SECTION>

  <STEEL_I_SECTION>
      <LABEL>W360X410X1202</LABEL>
      <EDI_STD>W360X410X1202</EDI_STD>
      <DESIGNATION>W</DESIGNATION>
      <D>580</D>
      <BF>471</BF>
      <TF>130</TF>
      <TW>95</TW>
      <A>153000</A>
      <I33>6.636E+09</I33>
      <Z33>3.002E+07</Z33>
      <AS3>102050</AS3>
      <I22>2.287E+09</I22>
      <Z22>1.515E+07</Z22>
      <AS2>55100</AS2>
      <J>7.923E+08</J>
      <S33POS>2.288276E+07</S33POS>
      <S33NEG>2.288276E+07</S33NEG>
      <S22POS>9711253</S22POS>
      <S22NEG>9711253</S22NEG>
      <R33>208.2608</R33>
      <R22>122.2608</R22>
  </STEEL_I_SECTION>

  <STEEL_I_SECTION>
      <LABEL>W360X410X1299</LABEL>
      <EDI_STD>W360X410X1299</EDI_STD>
      <DESIGNATION>W</DESIGNATION>
      <D>600</D>
      <BF>476</BF>
      <TF>140</TF>
      <TW>100</TW>
      <A>165000</A>
      <I33>7.546E+09</I33>
      <Z33>3.325E+07</Z33>
      <AS3>111066.7</AS3>
      <I22>2.544E+09</I22>
      <Z22>1.667E+07</Z22>
      <AS2>60000</AS2>
      <J>9.814E+08</J>
      <S33POS>2.515333E+07</S33POS>
      <S33NEG>2.515333E+07</S33NEG>
      <S22POS>1.068908E+07</S22POS>
      <S22NEG>1.068908E+07</S22NEG>
      <R33>213.8535</R33>
      <R22>124.17</R22>
  </STEEL_I_SECTION>

  <STEEL_I_SECTION>
      <LABEL>W610X230X125</LABEL>
      <EDI_STD>W610X230X125</EDI_STD>
      <DESIGNATION>W</DESIGNATION>
      <D>612</D>
      <BF>229</BF>
      <TF>19.6</TF>
      <TW>11.9</TW>
      <A>15938.19</A>
      <I33>9.865E+08</I33>
      <Z33>3679000</Z33>
      <AS3>7480.667</AS3>
      <I22>3.932E+07</I22>
      <Z22>536000</Z22>
      <AS2>7282.8</AS2>
      <J>1560000</J>
      <S33POS>3223856</S33POS>
      <S33NEG>3223856</S33NEG>
      <S22POS>343406.1</S22POS>
      <S22NEG>343406.1</S22NEG>
      <R33>248.7878</R33>
      <R22>49.66921</R22>
  </STEEL_I_SECTION>

  <STEEL_I_SECTION>
      <LABEL>W610X230X140</LABEL>
      <EDI_STD>W610X230X140</EDI_STD>
      <DESIGNATION>W</DESIGNATION>
      <D>617</D>
      <BF>230</BF>
      <TF>22.2</TF>
      <TW>13.1</TW>
      <A>17858.13</A>
      <I33>1.12E+09</I33>
      <Z33>4150000</Z33>
      <AS3>8510</AS3>
      <I22>4.514E+07</I22>
      <Z22>613000</Z22>
      <AS2>8082.7</AS2>
      <J>2200000</J>
      <S33POS>3630470</S33POS>
      <S33NEG>3630470</S33NEG>
      <S22POS>392521.8</S22POS>
      <S22NEG>392521.8</S22NEG>
      <R33>250.4327</R33>
      <R22>50.27624</R22>
  </STEEL_I_SECTION>

  <STEEL_I_SECTION>
      <LABEL>W610X230X153</LABEL>
      <EDI_STD>W610X230X153</EDI_STD>
      <DESIGNATION>W</DESIGNATION>
      <D>623</D>
      <BF>229</BF>
      <TF>24.9</TF>
      <TW>14</TW>
      <A>19574.07</A>
      <I33>1.252E+09</I33>
      <Z33>4602000</Z33>
      <AS3>9503.5</AS3>
      <I22>4.998E+07</I22>
      <Z22>682000</Z22>
      <AS2>8722</AS2>
      <J>2980000</J>
      <S33POS>4019262</S33POS>
      <S33NEG>4019262</S33NEG>
      <S22POS>436506.6</S22POS>
      <S22NEG>436506.6</S22NEG>
      <R33>252.9074</R33>
      <R22>50.53096</R22>
  </STEEL_I_SECTION>

  <STEEL_I_SECTION>
      <LABEL>W610X325X155</LABEL>
      <EDI_STD>W610X325X155</EDI_STD>
      <DESIGNATION>W</DESIGNATION>
      <D>611</D>
      <BF>324</BF>
      <TF>19</TF>
      <TW>12.7</TW>
      <A>19734.17</A>
      <I33>1.29E+09</I33>
      <Z33>4728000</Z33>
      <AS3>10260</AS3>
      <I22>1.078E+08</I22>
      <Z22>1022000</Z22>
      <AS2>7759.7</AS2>
      <J>1980000</J>
      <S33POS>4222586</S33POS>
      <S33NEG>4222586</S33NEG>
      <S22POS>665432.1</S22POS>
      <S22NEG>665432.1</S22NEG>
      <R33>255.6733</R33>
      <R22>73.90945</R22>
  </STEEL_I_SECTION>

  <STEEL_I_SECTION>
      <LABEL>W610X325X174</LABEL>
      <EDI_STD>W610X325X174</EDI_STD>
      <DESIGNATION>W</DESIGNATION>
      <D>616</D>
      <BF>325</BF>
      <TF>21.6</TF>
      <TW>14</TW>
      <A>22204.27</A>
      <I33>1.472E+09</I33>
      <Z33>5362000</Z33>
      <AS3>11700</AS3>
      <I22>1.237E+08</I22>
      <Z22>1170000</Z22>
      <AS2>8624</AS2>
      <J>2830000</J>
      <S33POS>4779221</S33POS>
      <S33NEG>4779221</S33NEG>
      <S22POS>761230.8</S22POS>
      <S22NEG>761230.8</S22NEG>
      <R33>257.4753</R33>
      <R22>74.63914</R22>
  </STEEL_I_SECTION>

  <STEEL_I_SECTION>
      <LABEL>W610X325X195</LABEL>
      <EDI_STD>W610X325X195</EDI_STD>
      <DESIGNATION>W</DESIGNATION>
      <D>622</D>
      <BF>327</BF>
      <TF>24.4</TF>
      <TW>15.4</TW>
      <A>24929.95</A>
      <I33>1.679E+09</I33>
      <Z33>6074000</Z33>
      <AS3>13298</AS3>
      <I22>1.424E+08</I22>
      <Z22>1340000</Z22>
      <AS2>9578.8</AS2>
      <J>4010000</J>
      <S33POS>5398714</S33POS>
      <S33NEG>5398714</S33NEG>
      <S22POS>870948</S22POS>
      <S22NEG>870948</S22NEG>
      <R33>259.5163</R33>
      <R22>75.57781</R22>
  </STEEL_I_SECTION>

  <STEEL_I_SECTION>
      <LABEL>W610X325X217</LABEL>
      <EDI_STD>W610X325X217</EDI_STD>
      <DESIGNATION>W</DESIGNATION>
      <D>628</D>
      <BF>328</BF>
      <TF>27.7</TF>
      <TW>16.5</TW>
      <A>27764.17</A>
      <I33>1.908E+09</I33>
      <Z33>6848000</Z33>
      <AS3>15142.67</AS3>
      <I22>1.631E+08</I22>
      <Z22>1531000</Z22>
      <AS2>10362</AS2>
      <J>5650000</J>
      <S33POS>6076433</S33POS>
      <S33NEG>6076433</S33NEG>
      <S22POS>994512.2</S22POS>
      <S22NEG>994512.2</S22NEG>
      <R33>262.1482</R33>
      <R22>76.64514</R22>
  </STEEL_I_SECTION>

  <STEEL_I_SECTION>
      <LABEL>W610X325X241</LABEL>
      <EDI_STD>W610X325X241</EDI_STD>
      <DESIGNATION>W</DESIGNATION>
      <D>635</D>
      <BF>329</BF>
      <TF>31</TF>
      <TW>17.9</TW>
      <A>30799.77</A>
      <I33>2.154E+09</I33>
      <Z33>7671000</Z33>
      <AS3>16998.33</AS3>
      <I22>1.843E+08</I22>
      <Z22>1725000</Z22>
      <AS2>11366.5</AS2>
      <J>7760000</J>
      <S33POS>6784252</S33POS>
      <S33NEG>6784252</S33NEG>
      <S22POS>1120365</S22POS>
      <S22NEG>1120365</S22NEG>
      <R33>264.4534</R33>
      <R22>77.35509</R22>
  </STEEL_I_SECTION>

  <STEEL_I_SECTION>
      <LABEL>W610X325X262</LABEL>
      <EDI_STD>W610X325X262</EDI_STD>
      <DESIGNATION>W</DESIGNATION>
      <D>641</D>
      <BF>327</BF>
      <TF>34</TF>
      <TW>19</TW>
      <A>33268.07</A>
      <I33>2.36E+09</I33>
      <Z33>8349000</Z33>
      <AS3>18530</AS3>
      <I22>1.985E+08</I22>
      <Z22>1871000</Z22>
      <AS2>12179</AS2>
      <J>9980000</J>
      <S33POS>7363495</S33POS>
      <S33NEG>7363495</S33NEG>
      <S22POS>1214067</S22POS>
      <S22NEG>1214067</S22NEG>
      <R33>266.3436</R33>
      <R22>77.2443</R22>
  </STEEL_I_SECTION>

  <STEEL_I_SECTION>
      <LABEL>W610X325X285</LABEL>
      <EDI_STD>W610X325X285</EDI_STD>
      <DESIGNATION>W</DESIGNATION>
      <D>647</D>
      <BF>329</BF>
      <TF>37.1</TF>
      <TW>20.6</TW>
      <A>36356.55</A>
      <I33>2.607E+09</I33>
      <Z33>9175000</Z33>
      <AS3>20343.17</AS3>
      <I22>2.206E+08</I22>
      <Z22>2071000</Z22>
      <AS2>13328.2</AS2>
      <J>1.295E+07</J>
      <S33POS>8058733</S33POS>
      <S33NEG>8058733</S33NEG>
      <S22POS>1341033</S22POS>
      <S22NEG>1341033</S22NEG>
      <R33>267.7806</R33>
      <R22>77.89533</R22>
  </STEEL_I_SECTION>

  <STEEL_I_SECTION>
      <LABEL>W610X325X307</LABEL>
      <EDI_STD>W610X325X307</EDI_STD>
      <DESIGNATION>W</DESIGNATION>
      <D>653</D>
      <BF>330</BF>
      <TF>39.9</TF>
      <TW>22.1</TW>
      <A>39150</A>
      <I33>2.837E+09</I33>
      <Z33>9929000</Z33>
      <AS3>21945</AS3>
      <I22>2.395E+08</I22>
      <Z22>2245000</Z22>
      <AS2>14431.3</AS2>
      <J>1.608E+07</J>
      <S33POS>8689127</S33POS>
      <S33NEG>8689127</S33NEG>
      <S22POS>1451515</S22POS>
      <S22NEG>1451515</S22NEG>
      <R33>269.193</R33>
      <R22>78.21443</R22>
  </STEEL_I_SECTION>

  <STEEL_I_SECTION>
      <LABEL>W610X325X341</LABEL>
      <EDI_STD>W610X325X341</EDI_STD>
      <DESIGNATION>W</DESIGNATION>
      <D>661</D>
      <BF>333</BF>
      <TF>43.9</TF>
      <TW>24.4</TW>
      <A>43368.55</A>
      <I33>3.183E+09</I33>
      <Z33>1.107E+07</Z33>
      <AS3>24364.5</AS3>
      <I22>2.709E+08</I22>
      <Z22>2522000</Z22>
      <AS2>16128.4</AS2>
      <J>2.153E+07</J>
      <S33POS>9630863</S33POS>
      <S33NEG>9630863</S33NEG>
      <S22POS>1627027</S22POS>
      <S22NEG>1627027</S22NEG>
      <R33>270.9136</R33>
      <R22>79.03456</R22>
  </STEEL_I_SECTION>

  <STEEL_I_SECTION>
      <LABEL>W610X325X415</LABEL>
      <EDI_STD>W610X325X415</EDI_STD>
      <DESIGNATION>W</DESIGNATION>
      <D>679</D>
      <BF>338</BF>
      <TF>53.1</TF>
      <TW>29.5</TW>
      <A>52938.27</A>
      <I33>3.998E+09</I33>
      <Z33>1.369E+07</Z33>
      <AS3>29913</AS3>
      <I22>3.43E+08</I22>
      <Z22>3160000</Z22>
      <AS2>20030.5</AS2>
      <J>3.824E+07</J>
      <S33POS>1.177614E+07</S33POS>
      <S33NEG>1.177614E+07</S33NEG>
      <S22POS>2029586</S22POS>
      <S22NEG>2029586</S22NEG>
      <R33>274.8125</R33>
      <R22>80.49376</R22>
  </STEEL_I_SECTION>

  <STEEL_I_SECTION>
      <LABEL>W610X325X455</LABEL>
      <EDI_STD>W610X325X455</EDI_STD>
      <DESIGNATION>W</DESIGNATION>
      <D>689</D>
      <BF>340</BF>
      <TF>57.9</TF>
      <TW>32</TW>
      <A>57859.47</A>
      <I33>4.445E+09</I33>
      <Z33>1.5093E+07</Z33>
      <AS3>32810</AS3>
      <I22>3.809E+08</I22>
      <Z22>3496000</Z22>
      <AS2>22048</AS2>
      <J>4.948E+07</J>
      <S33POS>1.290276E+07</S33POS>
      <S33NEG>1.290276E+07</S33NEG>
      <S22POS>2240588</S22POS>
      <S22NEG>2240588</S22NEG>
      <R33>277.1716</R33>
      <R22>81.13687</R22>
  </STEEL_I_SECTION>

  <STEEL_I_SECTION>
      <LABEL>W610X325X498</LABEL>
      <EDI_STD>W610X325X498</EDI_STD>
      <DESIGNATION>W</DESIGNATION>
      <D>699</D>
      <BF>343</BF>
      <TF>63</TF>
      <TW>35.1</TW>
      <A>63475.37</A>
      <I33>4.947E+09</I33>
      <Z33>1.667E+07</Z33>
      <AS3>36015</AS3>
      <I22>4.258E+08</I22>
      <Z22>3885000</Z22>
      <AS2>24534.9</AS2>
      <J>6.42E+07</J>
      <S33POS>1.415451E+07</S33POS>
      <S33NEG>1.415451E+07</S33NEG>
      <S22POS>2482799</S22POS>
      <S22NEG>2482799</S22NEG>
      <R33>279.1697</R33>
      <R22>81.90308</R22>
  </STEEL_I_SECTION>

  <STEEL_I_SECTION>
      <LABEL>W610X325X551</LABEL>
      <EDI_STD>W610X325X551</EDI_STD>
      <DESIGNATION>W</DESIGNATION>
      <D>711</D>
      <BF>347</BF>
      <TF>69.1</TF>
      <TW>38.6</TW>
      <A>70210.55</A>
      <I33>5.575E+09</I33>
      <Z33>1.8599E+07</Z33>
      <AS3>39962.83</AS3>
      <I22>4.84E+08</I22>
      <Z22>4377000</Z22>
      <AS2>27444.6</AS2>
      <J>8.525E+07</J>
      <S33POS>1.568214E+07</S33POS>
      <S33NEG>1.568214E+07</S33NEG>
      <S22POS>2789625</S22POS>
      <S22NEG>2789625</S22NEG>
      <R33>281.7872</R33>
      <R22>83.02741</R22>
  </STEEL_I_SECTION>

  <STEEL_I_SECTION>
      <LABEL>W690X250X152</LABEL>
      <EDI_STD>W690X250X152</EDI_STD>
      <DESIGNATION>W</DESIGNATION>
      <D>688</D>
      <BF>254</BF>
      <TF>21.1</TF>
      <TW>13.1</TW>
      <A>19371.92</A>
      <I33>1.506E+09</I33>
      <Z33>5002000</Z33>
      <AS3>8932.333</AS3>
      <I22>5.777E+07</I22>
      <Z22>710000</Z22>
      <AS2>9012.8</AS2>
      <J>2210000</J>
      <S33POS>4377907</S33POS>
      <S33NEG>4377907</S33NEG>
      <S22POS>454881.9</S22POS>
      <S22NEG>454881.9</S22NEG>
      <R33>278.8214</R33>
      <R22>54.60908</R22>
  </STEEL_I_SECTION>

  <STEEL_I_SECTION>
      <LABEL>W690X250X170</LABEL>
      <EDI_STD>W690X250X170</EDI_STD>
      <DESIGNATION>W</DESIGNATION>
      <D>693</D>
      <BF>256</BF>
      <TF>23.6</TF>
      <TW>14.5</TW>
      <A>21640.44</A>
      <I33>1.699E+09</I33>
      <Z33>5618000</Z33>
      <AS3>10069.33</AS3>
      <I22>6.618E+07</I22>
      <Z22>809000</Z22>
      <AS2>10048.5</AS2>
      <J>3070000</J>
      <S33POS>4903319</S33POS>
      <S33NEG>4903319</S33NEG>
      <S22POS>517031.3</S22POS>
      <S22NEG>517031.3</S22NEG>
      <R33>280.1971</R33>
      <R22>55.30066</R22>
  </STEEL_I_SECTION>

  <STEEL_I_SECTION>
      <LABEL>W690X250X192</LABEL>
      <EDI_STD>W690X250X192</EDI_STD>
      <DESIGNATION>W</DESIGNATION>
      <D>702</D>
      <BF>254</BF>
      <TF>27.9</TF>
      <TW>15.5</TW>
      <A>24382.44</A>
      <I33>1.979E+09</I33>
      <Z33>6457000</Z33>
      <AS3>11811</AS3>
      <I22>7.643E+07</I22>
      <Z22>941000</Z22>
      <AS2>10881</AS2>
      <J>4630000</J>
      <S33POS>5638177</S33POS>
      <S33NEG>5638177</S33NEG>
      <S22POS>601811</S22POS>
      <S22NEG>601811</S22NEG>
      <R33>284.8947</R33>
      <R22>55.98779</R22>
  </STEEL_I_SECTION>

  <STEEL_I_SECTION>
      <LABEL>W760X265X161</LABEL>
      <EDI_STD>W760X265X161</EDI_STD>
      <DESIGNATION>W</DESIGNATION>
      <D>758</D>
      <BF>266</BF>
      <TF>19.3</TF>
      <TW>13.8</TW>
      <A>20443.4</A>
      <I33>1.861E+09</I33>
      <Z33>5666000</Z33>
      <AS3>8556.333</AS3>
      <I22>6.07E+07</I22>
      <Z22>720000</Z22>
      <AS2>10460.4</AS2>
      <J>2120000</J>
      <S33POS>4910290</S33POS>
      <S33NEG>4910290</S33NEG>
      <S22POS>456391</S22POS>
      <S22NEG>456391</S22NEG>
      <R33>301.7148</R33>
      <R22>54.49012</R22>
  </STEEL_I_SECTION>

  <STEEL_I_SECTION>
      <LABEL>W760X265X173</LABEL>
      <EDI_STD>W760X265X173</EDI_STD>
      <DESIGNATION>W</DESIGNATION>
      <D>762</D>
      <BF>267</BF>
      <TF>21.6</TF>
      <TW>14.4</TW>
      <A>22133.2</A>
      <I33>2.058E+09</I33>
      <Z33>6218000</Z33>
      <AS3>9612</AS3>
      <I22>6.873E+07</I22>
      <Z22>810000</Z22>
      <AS2>10972.8</AS2>
      <J>2740000</J>
      <S33POS>5401575</S33POS>
      <S33NEG>5401575</S33NEG>
      <S22POS>514831.5</S22POS>
      <S22NEG>514831.5</S22NEG>
      <R33>304.9303</R33>
      <R22>55.72513</R22>
  </STEEL_I_SECTION>

  <STEEL_I_SECTION>
      <LABEL>W760X265X185</LABEL>
      <EDI_STD>W760X265X185</EDI_STD>
      <DESIGNATION>W</DESIGNATION>
      <D>766</D>
      <BF>267</BF>
      <TF>23.6</TF>
      <TW>14.9</TW>
      <A>23560.6</A>
      <I33>2.23E+09</I33>
      <Z33>6691000</Z33>
      <AS3>10502</AS3>
      <I22>7.51E+07</I22>
      <Z22>884000</Z22>
      <AS2>11413.4</AS2>
      <J>3370000</J>
      <S33POS>5822455</S33POS>
      <S33NEG>5822455</S33NEG>
      <S22POS>562546.8</S22POS>
      <S22NEG>562546.8</S22NEG>
      <R33>307.6517</R33>
      <R22>56.45817</R22>
  </STEEL_I_SECTION>

  <STEEL_I_SECTION>
      <LABEL>W760X265X196</LABEL>
      <EDI_STD>W760X265X196</EDI_STD>
      <DESIGNATION>W</DESIGNATION>
      <D>770</D>
      <BF>268</BF>
      <TF>25.4</TF>
      <TW>15.6</TW>
      <A>25082</A>
      <I33>2.403E+09</I33>
      <Z33>7174000</Z33>
      <AS3>11345.33</AS3>
      <I22>8.175E+07</I22>
      <Z22>959000</Z22>
      <AS2>12012</AS2>
      <J>4090000</J>
      <S33POS>6241559</S33POS>
      <S33NEG>6241559</S33NEG>
      <S22POS>610074.6</S22POS>
      <S22NEG>610074.6</S22NEG>
      <R33>309.5251</R33>
      <R22>57.09037</R22>
  </STEEL_I_SECTION>

  <STEEL_I_SECTION>
      <LABEL>W760X265X220</LABEL>
      <EDI_STD>W760X265X220</EDI_STD>
      <DESIGNATION>W</DESIGNATION>
      <D>779</D>
      <BF>266</BF>
      <TF>30</TF>
      <TW>16.5</TW>
      <A>28071.58</A>
      <I33>2.782E+09</I33>
      <Z33>8198000</Z33>
      <AS3>13300</AS3>
      <I22>9.44E+07</I22>
      <Z22>1113000</Z22>
      <AS2>12853.5</AS2>
      <J>6090000</J>
      <S33POS>7142491</S33POS>
      <S33NEG>7142491</S33NEG>
      <S22POS>709774.4</S22POS>
      <S22NEG>709774.4</S22NEG>
      <R33>314.8076</R33>
      <R22>57.98993</R22>
  </STEEL_I_SECTION>

  <STEEL_I_SECTION>
      <LABEL>W840X295X193</LABEL>
      <EDI_STD>W840X295X193</EDI_STD>
      <DESIGNATION>W</DESIGNATION>
      <D>840</D>
      <BF>292</BF>
      <TF>21.7</TF>
      <TW>14.7</TW>
      <A>24660.94</A>
      <I33>2.784E+09</I33>
      <Z33>7627000</Z33>
      <AS3>10560.67</AS3>
      <I22>9.029E+07</I22>
      <Z22>971000</Z22>
      <AS2>12348</AS2>
      <J>3100000</J>
      <S33POS>6628572</S33POS>
      <S33NEG>6628572</S33NEG>
      <S22POS>618424.7</S22POS>
      <S22NEG>618424.7</S22NEG>
      <R33>335.9926</R33>
      <R22>60.50831</R22>
  </STEEL_I_SECTION>

  <STEEL_I_SECTION>
      <LABEL>W840X295X210</LABEL>
      <EDI_STD>W840X295X210</EDI_STD>
      <DESIGNATION>W</DESIGNATION>
      <D>846</D>
      <BF>293</BF>
      <TF>24.4</TF>
      <TW>15.4</TW>
      <A>26853.4</A>
      <I33>3.107E+09</I33>
      <Z33>8430000</Z33>
      <AS3>11915.33</AS3>
      <I22>1.026E+08</I22>
      <Z22>1098000</Z22>
      <AS2>13028.4</AS2>
      <J>4090000</J>
      <S33POS>7345154</S33POS>
      <S33NEG>7345154</S33NEG>
      <S22POS>700341.3</S22POS>
      <S22NEG>700341.3</S22NEG>
      <R33>340.1504</R33>
      <R22>61.81218</R22>
  </STEEL_I_SECTION>

  <STEEL_I_SECTION>
      <LABEL>W840X295X226</LABEL>
      <EDI_STD>W840X295X226</EDI_STD>
      <DESIGNATION>W</DESIGNATION>
      <D>851</D>
      <BF>294</BF>
      <TF>26.8</TF>
      <TW>16.1</TW>
      <A>28874.66</A>
      <I33>3.401E+09</I33>
      <Z33>9163000</Z33>
      <AS3>13132</AS3>
      <I22>1.138E+08</I22>
      <Z22>1213000</Z22>
      <AS2>13701.1</AS2>
      <J>5180000</J>
      <S33POS>7992950</S33POS>
      <S33NEG>7992950</S33NEG>
      <S22POS>774149.7</S22POS>
      <S22NEG>774149.7</S22NEG>
      <R33>343.1981</R33>
      <R22>62.77875</R22>
  </STEEL_I_SECTION>

  <STEEL_I_SECTION>
      <LABEL>W840X295X251</LABEL>
      <EDI_STD>W840X295X251</EDI_STD>
      <DESIGNATION>W</DESIGNATION>
      <D>859</D>
      <BF>292</BF>
      <TF>31</TF>
      <TW>17</TW>
      <A>31931.12</A>
      <I33>3.865E+09</I33>
      <Z33>1.03E+07</Z33>
      <AS3>15086.67</AS3>
      <I22>1.29E+08</I22>
      <Z22>1383000</Z22>
      <AS2>14603</AS2>
      <J>7380000</J>
      <S33POS>8998836</S33POS>
      <S33NEG>8998836</S33NEG>
      <S22POS>883561.6</S22POS>
      <S22NEG>883561.6</S22NEG>
      <R33>347.9106</R33>
      <R22>63.56057</R22>
  </STEEL_I_SECTION>

  <STEEL_I_SECTION>
      <LABEL>W920X310X223</LABEL>
      <EDI_STD>W920X310X223</EDI_STD>
      <DESIGNATION>W</DESIGNATION>
      <D>911</D>
      <BF>304</BF>
      <TF>23.9</TF>
      <TW>15.9</TW>
      <A>28565.96</A>
      <I33>3.768E+09</I33>
      <Z33>9540000</Z33>
      <AS3>12109.33</AS3>
      <I22>1.122E+08</I22>
      <Z22>1163000</Z22>
      <AS2>14484.9</AS2>
      <J>4270000</J>
      <S33POS>8272229</S33POS>
      <S33NEG>8272229</S33NEG>
      <S22POS>738157.9</S22POS>
      <S22NEG>738157.9</S22NEG>
      <R33>363.1876</R33>
      <R22>62.67178</R22>
  </STEEL_I_SECTION>

  <STEEL_I_SECTION>
      <LABEL>W920X310X238</LABEL>
      <EDI_STD>W920X310X238</EDI_STD>
      <DESIGNATION>W</DESIGNATION>
      <D>915</D>
      <BF>305</BF>
      <TF>25.9</TF>
      <TW>16.5</TW>
      <A>30351.68</A>
      <I33>4.064E+09</I33>
      <Z33>1.023E+07</Z33>
      <AS3>13165.83</AS3>
      <I22>1.229E+08</I22>
      <Z22>1267000</Z22>
      <AS2>15097.5</AS2>
      <J>5190000</J>
      <S33POS>8883060</S33POS>
      <S33NEG>8883060</S33NEG>
      <S22POS>805901.6</S22POS>
      <S22NEG>805901.6</S22NEG>
      <R33>365.9194</R33>
      <R22>63.63332</R22>
  </STEEL_I_SECTION>

  <STEEL_I_SECTION>
      <LABEL>W920X310X253</LABEL>
      <EDI_STD>W920X310X253</EDI_STD>
      <DESIGNATION>W</DESIGNATION>
      <D>919</D>
      <BF>306</BF>
      <TF>27.9</TF>
      <TW>17.3</TW>
      <A>32318.04</A>
      <I33>4.375E+09</I33>
      <Z33>1.096E+07</Z33>
      <AS3>14229</AS3>
      <I22>1.337E+08</I22>
      <Z22>1375000</Z22>
      <AS2>15898.7</AS2>
      <J>6310000</J>
      <S33POS>9521219</S33POS>
      <S33NEG>9521219</S33NEG>
      <S22POS>873856.2</S22POS>
      <S22NEG>873856.2</S22NEG>
      <R33>367.9311</R33>
      <R22>64.31958</R22>
  </STEEL_I_SECTION>

  <STEEL_I_SECTION>
      <LABEL>W920X310X271</LABEL>
      <EDI_STD>W920X310X271</EDI_STD>
      <DESIGNATION>W</DESIGNATION>
      <D>923</D>
      <BF>307</BF>
      <TF>30</TF>
      <TW>18.4</TW>
      <A>34609.08</A>
      <I33>4.716E+09</I33>
      <Z33>1.178E+07</Z33>
      <AS3>15350</AS3>
      <I22>1.452E+08</I22>
      <Z22>1491000</Z22>
      <AS2>16983.2</AS2>
      <J>7750000</J>
      <S33POS>1.021885E+07</S33POS>
      <S33NEG>1.021885E+07</S33NEG>
      <S22POS>945928.3</S22POS>
      <S22NEG>945928.3</S22NEG>
      <R33>369.1407</R33>
      <R22>64.77214</R22>
  </STEEL_I_SECTION>

  <STEEL_I_SECTION>
      <LABEL>W920X310X289</LABEL>
      <EDI_STD>W920X310X289</EDI_STD>
      <DESIGNATION>W</DESIGNATION>
      <D>927</D>
      <BF>308</BF>
      <TF>32</TF>
      <TW>19.4</TW>
      <A>36764.08</A>
      <I33>5.045E+09</I33>
      <Z33>1.257E+07</Z33>
      <AS3>16426.67</AS3>
      <I22>1.564E+08</I22>
      <Z22>1603000</Z22>
      <AS2>17983.8</AS2>
      <J>9300000</J>
      <S33POS>1.088457E+07</S33POS>
      <S33NEG>1.088457E+07</S33NEG>
      <S22POS>1015584</S22POS>
      <S22NEG>1015584</S22NEG>
      <R33>370.4407</R33>
      <R22>65.22386</R22>
  </STEEL_I_SECTION>

  <STEEL_I_SECTION>
      <LABEL>W920X310X313</LABEL>
      <EDI_STD>W920X310X313</EDI_STD>
      <DESIGNATION>W</DESIGNATION>
      <D>932</D>
      <BF>309</BF>
      <TF>34.5</TF>
      <TW>21.1</TW>
      <A>39840.18</A>
      <I33>5.482E+09</I33>
      <Z33>1.363E+07</Z33>
      <AS3>17767.5</AS3>
      <I22>1.704E+08</I22>
      <Z22>1748000</Z22>
      <AS2>19665.2</AS2>
      <J>1.171E+07</J>
      <S33POS>1.176395E+07</S33POS>
      <S33NEG>1.176395E+07</S33NEG>
      <S22POS>1102913</S22POS>
      <S22NEG>1102913</S22NEG>
      <R33>370.9444</R33>
      <R22>65.39945</R22>
  </STEEL_I_SECTION>

  <STEEL_I_SECTION>
      <LABEL>W920X310X345</LABEL>
      <EDI_STD>W920X310X345</EDI_STD>
      <DESIGNATION>W</DESIGNATION>
      <D>943</D>
      <BF>308</BF>
      <TF>39.9</TF>
      <TW>22.1</TW>
      <A>43970</A>
      <I33>6.256E+09</I33>
      <Z33>1.535E+07</Z33>
      <AS3>20482</AS3>
      <I22>1.952E+08</I22>
      <Z22>2003000</Z22>
      <AS2>20840.3</AS2>
      <J>1.658E+07</J>
      <S33POS>1.326829E+07</S33POS>
      <S33NEG>1.326829E+07</S33NEG>
      <S22POS>1267533</S22POS>
      <S22NEG>1267533</S22NEG>
      <R33>377.1987</R33>
      <R22>66.62875</R22>
  </STEEL_I_SECTION>

  <STEEL_I_SECTION>
      <LABEL>W920X310X381</LABEL>
      <EDI_STD>W920X310X381</EDI_STD>
      <DESIGNATION>W</DESIGNATION>
      <D>951</D>
      <BF>310</BF>
      <TF>43.9</TF>
      <TW>24.4</TW>
      <A>48590</A>
      <I33>6.968E+09</I33>
      <Z33>1.702E+07</Z33>
      <AS3>22681.67</AS3>
      <I22>2.191E+08</I22>
      <Z22>2243000</Z22>
      <AS2>23204.4</AS2>
      <J>2.213E+07</J>
      <S33POS>1.465405E+07</S33POS>
      <S33NEG>1.465405E+07</S33NEG>
      <S22POS>1413548</S22POS>
      <S22NEG>1413548</S22NEG>
      <R33>378.6872</R33>
      <R22>67.15027</R22>
  </STEEL_I_SECTION>

  <STEEL_I_SECTION>
      <LABEL>W920X310X425</LABEL>
      <EDI_STD>W920X310X425</EDI_STD>
      <DESIGNATION>W</DESIGNATION>
      <D>961</D>
      <BF>313</BF>
      <TF>49</TF>
      <TW>26.9</TW>
      <A>54200</A>
      <I33>7.882E+09</I33>
      <Z33>1.913E+07</Z33>
      <AS3>25561.67</AS3>
      <I22>2.519E+08</I22>
      <Z22>2562000</Z22>
      <AS2>25850.9</AS2>
      <J>3.054E+07</J>
      <S33POS>1.640375E+07</S33POS>
      <S33NEG>1.640375E+07</S33NEG>
      <S22POS>1609585</S22POS>
      <S22NEG>1609585</S22NEG>
      <R33>381.3455</R33>
      <R22>68.17332</R22>
  </STEEL_I_SECTION>

  <STEEL_I_SECTION>
      <LABEL>W920X310X474</LABEL>
      <EDI_STD>W920X310X474</EDI_STD>
      <DESIGNATION>W</DESIGNATION>
      <D>971</D>
      <BF>316</BF>
      <TF>54.1</TF>
      <TW>30</TW>
      <A>60390</A>
      <I33>8.857E+09</I33>
      <Z33>2.139E+07</Z33>
      <AS3>28492.67</AS3>
      <I22>2.866E+08</I22>
      <Z22>2901000</Z22>
      <AS2>29130</AS2>
      <J>4.147E+07</J>
      <S33POS>1.824305E+07</S33POS>
      <S33NEG>1.824305E+07</S33NEG>
      <S22POS>1813924</S22POS>
      <S22NEG>1813924</S22NEG>
      <R33>382.9665</R33>
      <R22>68.8899</R22>
  </STEEL_I_SECTION>

  <STEEL_I_SECTION>
      <LABEL>W920X310X521</LABEL>
      <EDI_STD>W920X310X521</EDI_STD>
      <DESIGNATION>W</DESIGNATION>
      <D>981</D>
      <BF>319</BF>
      <TF>58.9</TF>
      <TW>33</TW>
      <A>66370</A>
      <I33>9.824E+09</I33>
      <Z33>2.361E+07</Z33>
      <AS3>31315.17</AS3>
      <I22>3.214E+08</I22>
      <Z22>3238000</Z22>
      <AS2>32373</AS2>
      <J>5.405E+07</J>
      <S33POS>2.002854E+07</S33POS>
      <S33NEG>2.002854E+07</S33NEG>
      <S22POS>2015047</S22POS>
      <S22NEG>2015047</S22NEG>
      <R33>384.732</R33>
      <R22>69.58842</R22>
  </STEEL_I_SECTION>

  <STEEL_I_SECTION>
      <LABEL>W920X310X576</LABEL>
      <EDI_STD>W920X310X576</EDI_STD>
      <DESIGNATION>W</DESIGNATION>
      <D>993</D>
      <BF>322</BF>
      <TF>65</TF>
      <TW>36.1</TW>
      <A>73320</A>
      <I33>1.102E+10</I33>
      <Z33>2.628E+07</Z33>
      <AS3>34883.33</AS3>
      <I22>3.652E+08</I22>
      <Z22>3658000</Z22>
      <AS2>35847.3</AS2>
      <J>7.227E+07</J>
      <S33POS>2.219537E+07</S33POS>
      <S33NEG>2.219537E+07</S33NEG>
      <S22POS>2268323</S22POS>
      <S22NEG>2268323</S22NEG>
      <R33>387.6855</R33>
      <R22>70.57553</R22>
  </STEEL_I_SECTION>

  <STEEL_I_SECTION>
      <LABEL>W920X420X344</LABEL>
      <EDI_STD>W920X420X344</EDI_STD>
      <DESIGNATION>W</DESIGNATION>
      <D>927</D>
      <BF>418</BF>
      <TF>32</TF>
      <TW>19.3</TW>
      <A>43720</A>
      <I33>6.45E+09</I33>
      <Z33>1.57E+07</Z33>
      <AS3>22293.33</AS3>
      <I22>3.901E+08</I22>
      <Z22>2880000</Z22>
      <AS2>17891.1</AS2>
      <J>1.159E+07</J>
      <S33POS>1.391586E+07</S33POS>
      <S33NEG>1.391586E+07</S33NEG>
      <S22POS>1866507</S22POS>
      <S22NEG>1866507</S22NEG>
      <R33>384.096</R33>
      <R22>94.45999</R22>
  </STEEL_I_SECTION>

  <STEEL_I_SECTION>
      <LABEL>W920X420X368</LABEL>
      <EDI_STD>W920X420X368</EDI_STD>
      <DESIGNATION>W</DESIGNATION>
      <D>931</D>
      <BF>419</BF>
      <TF>34.3</TF>
      <TW>20.3</TW>
      <A>46560</A>
      <I33>6.922E+09</I33>
      <Z33>1.679E+07</Z33>
      <AS3>23952.83</AS3>
      <I22>4.212E+08</I22>
      <Z22>3104000</Z22>
      <AS2>18899.3</AS2>
      <J>1.408E+07</J>
      <S33POS>1.487003E+07</S33POS>
      <S33NEG>1.487003E+07</S33NEG>
      <S22POS>2010501</S22POS>
      <S22NEG>2010501</S22NEG>
      <R33>385.5754</R33>
      <R22>95.11252</R22>
  </STEEL_I_SECTION>

  <STEEL_I_SECTION>
      <LABEL>W920X420X390</LABEL>
      <EDI_STD>W920X420X390</EDI_STD>
      <DESIGNATION>W</DESIGNATION>
      <D>936</D>
      <BF>420</BF>
      <TF>36.6</TF>
      <TW>21.3</TW>
      <A>49430</A>
      <I33>7.417E+09</I33>
      <Z33>1.792E+07</Z33>
      <AS3>25620</AS3>
      <I22>4.527E+08</I22>
      <Z22>3331000</Z22>
      <AS2>19936.8</AS2>
      <J>1.691E+07</J>
      <S33POS>1.584829E+07</S33POS>
      <S33NEG>1.584829E+07</S33NEG>
      <S22POS>2155714</S22POS>
      <S22NEG>2155714</S22NEG>
      <R33>387.3636</R33>
      <R22>95.69956</R22>
  </STEEL_I_SECTION>

  <STEEL_I_SECTION>
      <LABEL>W920X420X420</LABEL>
      <EDI_STD>W920X420X420</EDI_STD>
      <DESIGNATION>W</DESIGNATION>
      <D>943</D>
      <BF>422</BF>
      <TF>39.9</TF>
      <TW>22.5</TW>
      <A>53410</A>
      <I33>8.133E+09</I33>
      <Z33>1.953E+07</Z33>
      <AS3>28063</AS3>
      <I22>5.007E+08</I22>
      <Z22>3667000</Z22>
      <AS2>21217.5</AS2>
      <J>2.151E+07</J>
      <S33POS>1.724921E+07</S33POS>
      <S33NEG>1.724921E+07</S33NEG>
      <S22POS>2372986</S22POS>
      <S22NEG>2372986</S22NEG>
      <R33>390.2241</R33>
      <R22>96.82277</R22>
  </STEEL_I_SECTION>

  <STEEL_I_SECTION>
      <LABEL>W920X420X449</LABEL>
      <EDI_STD>W920X420X449</EDI_STD>
      <DESIGNATION>W</DESIGNATION>
      <D>948</D>
      <BF>423</BF>
      <TF>42.7</TF>
      <TW>24</TW>
      <A>57140</A>
      <I33>8.747E+09</I33>
      <Z33>2.095E+07</Z33>
      <AS3>30103.5</AS3>
      <I22>5.397E+08</I22>
      <Z22>3949000</Z22>
      <AS2>22752</AS2>
      <J>2.627E+07</J>
      <S33POS>1.845359E+07</S33POS>
      <S33NEG>1.845359E+07</S33NEG>
      <S22POS>2551773</S22POS>
      <S22NEG>2551773</S22NEG>
      <R33>391.2546</R33>
      <R22>97.18653</R22>
  </STEEL_I_SECTION>

  <STEEL_I_SECTION>
      <LABEL>W920X420X491</LABEL>
      <EDI_STD>W920X420X491</EDI_STD>
      <DESIGNATION>W</DESIGNATION>
      <D>957</D>
      <BF>422</BF>
      <TF>47</TF>
      <TW>25.9</TW>
      <A>62330</A>
      <I33>9.663E+09</I33>
      <Z33>2.3E+07</Z33>
      <AS3>33056.67</AS3>
      <I22>5.9E+08</I22>
      <Z22>4335000</Z22>
      <AS2>24786.3</AS2>
      <J>3.441E+07</J>
      <S33POS>2.019436E+07</S33POS>
      <S33NEG>2.019436E+07</S33NEG>
      <S22POS>2796209</S22POS>
      <S22NEG>2796209</S22NEG>
      <R33>393.7381</R33>
      <R22>97.29207</R22>
  </STEEL_I_SECTION>

  <STEEL_I_SECTION>
      <LABEL>W920X420X537</LABEL>
      <EDI_STD>W920X420X537</EDI_STD>
      <DESIGNATION>W</DESIGNATION>
      <D>965</D>
      <BF>425</BF>
      <TF>51.1</TF>
      <TW>28.4</TW>
      <A>68250</A>
      <I33>1.066E+10</I33>
      <Z33>2.527E+07</Z33>
      <AS3>36195.83</AS3>
      <I22>6.555E+08</I22>
      <Z22>4795000</Z22>
      <AS2>27406</AS2>
      <J>4.447E+07</J>
      <S33POS>2.209326E+07</S33POS>
      <S33NEG>2.209326E+07</S33NEG>
      <S22POS>3084706</S22POS>
      <S22NEG>3084706</S22NEG>
      <R33>395.2094</R33>
      <R22>98.00202</R22>
  </STEEL_I_SECTION>

  <STEEL_I_SECTION>
      <LABEL>W920X420X588</LABEL>
      <EDI_STD>W920X420X588</EDI_STD>
      <DESIGNATION>W</DESIGNATION>
      <D>975</D>
      <BF>427</BF>
      <TF>55.9</TF>
      <TW>31</TW>
      <A>74807.68</A>
      <I33>1.181E+10</I33>
      <Z33>2.784E+07</Z33>
      <AS3>39782.17</AS3>
      <I22>7.276E+08</I22>
      <Z22>5310000</Z22>
      <AS2>30225</AS2>
      <J>5.859E+07</J>
      <S33POS>2.422564E+07</S33POS>
      <S33NEG>2.422564E+07</S33NEG>
      <S22POS>3407963</S22POS>
      <S22NEG>3407963</S22NEG>
      <R33>397.3304</R33>
      <R22>98.62187</R22>
  </STEEL_I_SECTION>

  <STEEL_I_SECTION>
      <LABEL>W920X420X656</LABEL>
      <EDI_STD>W920X420X656</EDI_STD>
      <DESIGNATION>W</DESIGNATION>
      <D>987</D>
      <BF>431</BF>
      <TF>62</TF>
      <TW>34.5</TW>
      <A>83530</A>
      <I33>1.335E+10</I33>
      <Z33>3.127E+07</Z33>
      <AS3>44536.67</AS3>
      <I22>8.304E+08</I22>
      <Z22>6022000</Z22>
      <AS2>34051.5</AS2>
      <J>7.95E+07</J>
      <S33POS>2.705167E+07</S33POS>
      <S33NEG>2.705167E+07</S33NEG>
      <S22POS>3853364</S22POS>
      <S22NEG>3853364</S22NEG>
      <R33>399.7784</R33>
      <R22>99.70626</R22>
  </STEEL_I_SECTION>

  <STEEL_I_SECTION>
      <LABEL>W920X420X725</LABEL>
      <EDI_STD>W920X420X725</EDI_STD>
      <DESIGNATION>W</DESIGNATION>
      <D>999</D>
      <BF>434</BF>
      <TF>68.1</TF>
      <TW>38.1</TW>
      <A>92290</A>
      <I33>1.492E+10</I33>
      <Z33>3.474E+07</Z33>
      <AS3>49259</AS3>
      <I22>9.32E+08</I22>
      <Z22>6734000</Z22>
      <AS2>38061.9</AS2>
      <J>1.057E+08</J>
      <S33POS>2.986987E+07</S33POS>
      <S33NEG>2.986987E+07</S33NEG>
      <S22POS>4294931</S22POS>
      <S22NEG>4294931</S22NEG>
      <R33>402.075</R33>
      <R22>100.4918</R22>
  </STEEL_I_SECTION>

  <STEEL_I_SECTION>
      <LABEL>W920X420X787</LABEL>
      <EDI_STD>W920X420X787</EDI_STD>
      <DESIGNATION>W</DESIGNATION>
      <D>1011</D>
      <BF>437</BF>
      <TF>73.9</TF>
      <TW>40.9</TW>
      <A>100200</A>
      <I33>1.646E+10</I33>
      <Z33>3.801E+07</Z33>
      <AS3>53823.83</AS3>
      <I22>1.033E+09</I22>
      <Z22>7425000</Z22>
      <AS2>41349.9</AS2>
      <J>1.343E+08</J>
      <S33POS>3.256182E+07</S33POS>
      <S33NEG>3.256182E+07</S33NEG>
      <S22POS>4727689</S22POS>
      <S22NEG>4727689</S22NEG>
      <R33>405.3042</R33>
      <R22>101.5351</R22>
  </STEEL_I_SECTION>

  <STEEL_I_SECTION>
      <LABEL>W920X420X970</LABEL>
      <EDI_STD>W920X420X970</EDI_STD>
      <DESIGNATION>W</DESIGNATION>
      <D>1043</D>
      <BF>446</BF>
      <TF>89.9</TF>
      <TW>50</TW>
      <A>123660</A>
      <I33>2.1E+10</I33>
      <Z33>4.766E+07</Z33>
      <AS3>66825.66</AS3>
      <I22>1.339E+09</I22>
      <Z22>9490000</Z22>
      <AS2>52150</AS2>
      <J>2.432E+08</J>
      <S33POS>4.026846E+07</S33POS>
      <S33NEG>4.026846E+07</S33NEG>
      <S22POS>6004485</S22POS>
      <S22NEG>6004485</S22NEG>
      <R33>412.0928</R33>
      <R22>104.0581</R22>
  </STEEL_I_SECTION>

  <STEEL_I_SECTION>
      <LABEL>W920X420X1077</LABEL>
      <EDI_STD>W920X420X1077</EDI_STD>
      <DESIGNATION>W</DESIGNATION>
      <D>1061</D>
      <BF>451</BF>
      <TF>99.1</TF>
      <TW>55</TW>
      <A>137200</A>
      <I33>2.377E+10</I33>
      <Z33>5.339E+07</Z33>
      <AS3>74490.16</AS3>
      <I22>1.527E+09</I22>
      <Z22>1.074E+07</Z22>
      <AS2>58355</AS2>
      <J>3.317E+08</J>
      <S33POS>4.480678E+07</S33POS>
      <S33NEG>4.480678E+07</S33NEG>
      <S22POS>6771619</S22POS>
      <S22NEG>6771619</S22NEG>
      <R33>416.234</R33>
      <R22>105.4976</R22>
  </STEEL_I_SECTION>

  <STEEL_I_SECTION>
      <LABEL>W920X420X1194</LABEL>
      <EDI_STD>W920X420X1194</EDI_STD>
      <DESIGNATION>W</DESIGNATION>
      <D>1081</D>
      <BF>457</BF>
      <TF>109</TF>
      <TW>60.5</TW>
      <A>152200</A>
      <I33>2.694E+10</I33>
      <Z33>5.983E+07</Z33>
      <AS3>83021.66</AS3>
      <I22>1.75E+09</I22>
      <Z22>1.218E+07</Z22>
      <AS2>65400.5</AS2>
      <J>4.437E+08</J>
      <S33POS>4.984274E+07</S33POS>
      <S33NEG>4.984274E+07</S33NEG>
      <S22POS>7658644</S22POS>
      <S22NEG>7658644</S22NEG>
      <R33>420.7184</R33>
      <R22>107.2289</R22>
  </STEEL_I_SECTION>

  <STEEL_I_SECTION>
      <LABEL>W920X420X1269</LABEL>
      <EDI_STD>W920X420X1269</EDI_STD>
      <DESIGNATION>W</DESIGNATION>
      <D>1093</D>
      <BF>461</BF>
      <TF>115.1</TF>
      <TW>64</TW>
      <A>161676.9</A>
      <I33>2.9E+10</I33>
      <Z33>6.396E+07</Z33>
      <AS3>88435.16</AS3>
      <I22>1.899E+09</I22>
      <Z22>1.313E+07</Z22>
      <AS2>69952</AS2>
      <J>5.25E+08</J>
      <S33POS>5.306496E+07</S33POS>
      <S33NEG>5.306496E+07</S33NEG>
      <S22POS>8238612</S22POS>
      <S22NEG>8238612</S22NEG>
      <R33>423.5211</R33>
      <R22>108.3773</R22>
  </STEEL_I_SECTION>

  <STEEL_I_SECTION>
      <LABEL>W920X420X1377</LABEL>
      <EDI_STD>W920X420X1377</EDI_STD>
      <DESIGNATION>W</DESIGNATION>
      <D>1093</D>
      <BF>473</BF>
      <TF>115.1</TF>
      <TW>76.7</TW>
      <A>175400</A>
      <I33>3.034E+10</I33>
      <Z33>6.768E+07</Z33>
      <AS3>90737.16</AS3>
      <I22>2.063E+09</I22>
      <Z22>1.416E+07</Z22>
      <AS2>83833.1</AS2>
      <J>6.119E+08</J>
      <S33POS>5.551692E+07</S33POS>
      <S33NEG>5.551692E+07</S33NEG>
      <S22POS>8723045</S22POS>
      <S22NEG>8723045</S22NEG>
      <R33>415.9039</R33>
      <R22>108.4513</R22>
  </STEEL_I_SECTION>

  <STEEL_I_SECTION>
      <LABEL>W1000X300X249</LABEL>
      <EDI_STD>W1000X300X249</EDI_STD>
      <DESIGNATION>W</DESIGNATION>
      <D>980</D>
      <BF>300</BF>
      <TF>26</TF>
      <TW>16.5</TW>
      <A>31684.56</A>
      <I33>4.811E+09</I33>
      <Z33>1.135E+07</Z33>
      <AS3>13000</AS3>
      <I22>1.175E+08</I22>
      <Z22>1245000</Z22>
      <AS2>16170</AS2>
      <J>5840000</J>
      <S33POS>9818367</S33POS>
      <S33NEG>9818367</S33NEG>
      <S22POS>783333.3</S22POS>
      <S22NEG>783333.3</S22NEG>
      <R33>389.6672</R33>
      <R22>60.89688</R22>
  </STEEL_I_SECTION>

  <STEEL_I_SECTION>
      <LABEL>W1000X300X272</LABEL>
      <EDI_STD>W1000X300X272</EDI_STD>
      <DESIGNATION>W</DESIGNATION>
      <D>990.1</D>
      <BF>300</BF>
      <TF>31</TF>
      <TW>16.5</TW>
      <A>34684.56</A>
      <I33>5.538E+09</I33>
      <Z33>1.282E+07</Z33>
      <AS3>15500</AS3>
      <I22>1.4E+08</I22>
      <Z22>1470000</Z22>
      <AS2>16336.65</AS2>
      <J>8220000</J>
      <S33POS>1.118675E+07</S33POS>
      <S33NEG>1.118675E+07</S33NEG>
      <S22POS>933333.3</S22POS>
      <S22NEG>933333.3</S22NEG>
      <R33>399.5843</R33>
      <R22>63.5325</R22>
  </STEEL_I_SECTION>

  <STEEL_I_SECTION>
      <LABEL>W1000X300X314</LABEL>
      <EDI_STD>W1000X300X314</EDI_STD>
      <DESIGNATION>W</DESIGNATION>
      <D>1000</D>
      <BF>300</BF>
      <TF>35.9</TF>
      <TW>19.1</TW>
      <A>40041.18</A>
      <I33>6.442E+09</I33>
      <Z33>1.485E+07</Z33>
      <AS3>17950</AS3>
      <I22>1.623E+08</I22>
      <Z22>1713000</Z22>
      <AS2>19100</AS2>
      <J>1.252E+07</J>
      <S33POS>1.2884E+07</S33POS>
      <S33NEG>1.2884E+07</S33NEG>
      <S22POS>1082000</S22POS>
      <S22NEG>1082000</S22NEG>
      <R33>401.1039</R33>
      <R22>63.66574</R22>
  </STEEL_I_SECTION>

  <STEEL_I_SECTION>
      <LABEL>W1000X300X350</LABEL>
      <EDI_STD>W1000X300X350</EDI_STD>
      <DESIGNATION>W</DESIGNATION>
      <D>1008.1</D>
      <BF>302</BF>
      <TF>40</TF>
      <TW>21.1</TW>
      <A>44513.36</A>
      <I33>7.23E+09</I33>
      <Z33>1.659E+07</Z33>
      <AS3>20133.33</AS3>
      <I22>1.846E+08</I22>
      <Z22>1941000</Z22>
      <AS2>21270.91</AS2>
      <J>1.707E+07</J>
      <S33POS>1.434382E+07</S33POS>
      <S33NEG>1.434382E+07</S33NEG>
      <S22POS>1222517</S22POS>
      <S22NEG>1222517</S22NEG>
      <R33>403.0175</R33>
      <R22>64.39774</R22>
  </STEEL_I_SECTION>

  <STEEL_I_SECTION>
      <LABEL>W1000X300X393</LABEL>
      <EDI_STD>W1000X300X393</EDI_STD>
      <DESIGNATION>W</DESIGNATION>
      <D>1016</D>
      <BF>303</BF>
      <TF>43.9</TF>
      <TW>24.4</TW>
      <A>50024.04</A>
      <I33>8.077E+09</I33>
      <Z33>1.854E+07</Z33>
      <AS3>22169.5</AS3>
      <I22>2.05E+08</I22>
      <Z22>2168000</Z22>
      <AS2>24790.4</AS2>
      <J>2.332E+07</J>
      <S33POS>1.589961E+07</S33POS>
      <S33NEG>1.589961E+07</S33NEG>
      <S22POS>1353135</S22POS>
      <S22NEG>1353135</S22NEG>
      <R33>401.8238</R33>
      <R22>64.01585</R22>
  </STEEL_I_SECTION>

  <STEEL_I_SECTION>
      <LABEL>W1000X300X415</LABEL>
      <EDI_STD>W1000X300X415</EDI_STD>
      <DESIGNATION>W</DESIGNATION>
      <D>1020</D>
      <BF>304</BF>
      <TF>46</TF>
      <TW>26</TW>
      <A>52868.56</A>
      <I33>8.531E+09</I33>
      <Z33>1.957E+07</Z33>
      <AS3>23306.67</AS3>
      <I22>2.171E+08</I22>
      <Z22>2298000</Z22>
      <AS2>26520</AS2>
      <J>2.713E+07</J>
      <S33POS>1.672745E+07</S33POS>
      <S33NEG>1.672745E+07</S33NEG>
      <S22POS>1428290</S22POS>
      <S22NEG>1428290</S22NEG>
      <R33>401.6994</R33>
      <R22>64.08128</R22>
  </STEEL_I_SECTION>

  <STEEL_I_SECTION>
      <LABEL>W1000X300X438</LABEL>
      <EDI_STD>W1000X300X438</EDI_STD>
      <DESIGNATION>W</DESIGNATION>
      <D>1026</D>
      <BF>305</BF>
      <TF>49</TF>
      <TW>26.9</TW>
      <A>55625.76</A>
      <I33>9.092E+09</I33>
      <Z33>2.075E+07</Z33>
      <AS3>24908.33</AS3>
      <I22>2.336E+08</I22>
      <Z22>2463000</Z22>
      <AS2>27599.4</AS2>
      <J>3.19E+07</J>
      <S33POS>1.77232E+07</S33POS>
      <S33NEG>1.77232E+07</S33NEG>
      <S22POS>1531803</S22POS>
      <S22NEG>1531803</S22NEG>
      <R33>404.2888</R33>
      <R22>64.8035</R22>
  </STEEL_I_SECTION>

  <STEEL_I_SECTION>
      <LABEL>W1000X300X494</LABEL>
      <EDI_STD>W1000X300X494</EDI_STD>
      <DESIGNATION>W</DESIGNATION>
      <D>1036</D>
      <BF>309</BF>
      <TF>54</TF>
      <TW>31</TW>
      <A>62912.56</A>
      <I33>1.028E+10</I33>
      <Z33>2.341E+07</Z33>
      <AS3>27810</AS3>
      <I22>2.682E+08</I22>
      <Z22>2818000</Z22>
      <AS2>32116</AS2>
      <J>4.433E+07</J>
      <S33POS>1.984556E+07</S33POS>
      <S33NEG>1.984556E+07</S33NEG>
      <S22POS>1735922</S22POS>
      <S22NEG>1735922</S22NEG>
      <R33>404.2294</R33>
      <R22>65.29211</R22>
  </STEEL_I_SECTION>

  <STEEL_I_SECTION>
      <LABEL>W1000X300X584</LABEL>
      <EDI_STD>W1000X300X584</EDI_STD>
      <DESIGNATION>W</DESIGNATION>
      <D>1056</D>
      <BF>314</BF>
      <TF>64</TF>
      <TW>36</TW>
      <A>74372.56</A>
      <I33>1.246E+10</I33>
      <Z33>2.804E+07</Z33>
      <AS3>33493.33</AS3>
      <I22>3.343E+08</I22>
      <Z22>3475000</Z22>
      <AS2>38016</AS2>
      <J>7.23E+07</J>
      <S33POS>2.359849E+07</S33POS>
      <S33NEG>2.359849E+07</S33NEG>
      <S22POS>2129299</S22POS>
      <S22NEG>2129299</S22NEG>
      <R33>409.3103</R33>
      <R22>67.0443</R22>
  </STEEL_I_SECTION>

  <STEEL_I_SECTION>
      <LABEL>W1000X400X296</LABEL>
      <EDI_STD>W1000X400X296</EDI_STD>
      <DESIGNATION>W</DESIGNATION>
      <D>982</D>
      <BF>400</BF>
      <TF>27.1</TF>
      <TW>16.5</TW>
      <A>37761.26</A>
      <I33>6.203E+09</I33>
      <Z33>1.426E+07</Z33>
      <AS3>18066.67</AS3>
      <I22>2.896E+08</I22>
      <Z22>2243000</Z22>
      <AS2>16203</AS2>
      <J>7630000</J>
      <S33POS>1.26334E+07</S33POS>
      <S33NEG>1.26334E+07</S33NEG>
      <S22POS>1448000</S22POS>
      <S22NEG>1448000</S22NEG>
      <R33>405.301</R33>
      <R22>87.57417</R22>
  </STEEL_I_SECTION>

  <STEEL_I_SECTION>
      <LABEL>W1000X400X321</LABEL>
      <EDI_STD>W1000X400X321</EDI_STD>
      <DESIGNATION>W</DESIGNATION>
      <D>990</D>
      <BF>400</BF>
      <TF>31</TF>
      <TW>16.5</TW>
      <A>40884.56</A>
      <I33>6.964E+09</I33>
      <Z33>1.58E+07</Z33>
      <AS3>20666.67</AS3>
      <I22>3.312E+08</I22>
      <Z22>2555000</Z22>
      <AS2>16335</AS2>
      <J>1.021E+07</J>
      <S33POS>1.406869E+07</S33POS>
      <S33NEG>1.406869E+07</S33NEG>
      <S22POS>1656000</S22POS>
      <S22NEG>1656000</S22NEG>
      <R33>412.7145</R33>
      <R22>90.00477</R22>
  </STEEL_I_SECTION>

  <STEEL_I_SECTION>
      <LABEL>W1000X400X371</LABEL>
      <EDI_STD>W1000X400X371</EDI_STD>
      <DESIGNATION>W</DESIGNATION>
      <D>1000</D>
      <BF>400</BF>
      <TF>36.1</TF>
      <TW>19</TW>
      <A>47280.76</A>
      <I33>8.137E+09</I33>
      <Z33>1.836E+07</Z33>
      <AS3>24066.67</AS3>
      <I22>3.858E+08</I22>
      <Z22>2984000</Z22>
      <AS2>19000</AS2>
      <J>1.575E+07</J>
      <S33POS>1.6274E+07</S33POS>
      <S33NEG>1.6274E+07</S33NEG>
      <S22POS>1929000</S22POS>
      <S22NEG>1929000</S22NEG>
      <R33>414.8489</R33>
      <R22>90.33143</R22>
  </STEEL_I_SECTION>

  <STEEL_I_SECTION>
      <LABEL>W1000X400X412</LABEL>
      <EDI_STD>W1000X400X412</EDI_STD>
      <DESIGNATION>W</DESIGNATION>
      <D>1008</D>
      <BF>402</BF>
      <TF>40</TF>
      <TW>21.1</TW>
      <A>52513.36</A>
      <I33>9.105E+09</I33>
      <Z33>2.046E+07</Z33>
      <AS3>26800</AS3>
      <I22>4.34E+08</I22>
      <Z22>3349000</Z22>
      <AS2>21268.8</AS2>
      <J>2.134E+07</J>
      <S33POS>1.806548E+07</S33POS>
      <S33NEG>1.806548E+07</S33NEG>
      <S22POS>2159204</S22POS>
      <S22NEG>2159204</S22NEG>
      <R33>416.3946</R33>
      <R22>90.90965</R22>
  </STEEL_I_SECTION>

  <STEEL_I_SECTION>
      <LABEL>W1000X400X443</LABEL>
      <EDI_STD>W1000X400X443</EDI_STD>
      <DESIGNATION>W</DESIGNATION>
      <D>1012</D>
      <BF>402</BF>
      <TF>41.9</TF>
      <TW>23.6</TW>
      <A>56370</A>
      <I33>9.665E+09</I33>
      <Z33>2.178E+07</Z33>
      <AS3>28073</AS3>
      <I22>4.55E+08</I22>
      <Z22>3529000</Z22>
      <AS2>23883.2</AS2>
      <J>2.545E+07</J>
      <S33POS>1.910079E+07</S33POS>
      <S33NEG>1.910079E+07</S33NEG>
      <S22POS>2263682</S22POS>
      <S22NEG>2263682</S22NEG>
      <R33>414.073</R33>
      <R22>89.84247</R22>
  </STEEL_I_SECTION>

  <STEEL_I_SECTION>
      <LABEL>W1000X400X483</LABEL>
      <EDI_STD>W1000X400X483</EDI_STD>
      <DESIGNATION>W</DESIGNATION>
      <D>1020</D>
      <BF>404</BF>
      <TF>46</TF>
      <TW>25.4</TW>
      <A>61510</A>
      <I33>1.067E+10</I33>
      <Z33>2.392E+07</Z33>
      <AS3>30973.33</AS3>
      <I22>5.071E+08</I22>
      <Z22>3919000</Z22>
      <AS2>25908</AS2>
      <J>3.311E+07</J>
      <S33POS>2.092157E+07</S33POS>
      <S33NEG>2.092157E+07</S33NEG>
      <S22POS>2510396</S22POS>
      <S22NEG>2510396</S22NEG>
      <R33>416.4946</R33>
      <R22>90.79751</R22>
  </STEEL_I_SECTION>

  <STEEL_I_SECTION>
      <LABEL>W1000X400X539</LABEL>
      <EDI_STD>W1000X400X539</EDI_STD>
      <DESIGNATION>W</DESIGNATION>
      <D>1030</D>
      <BF>407</BF>
      <TF>51.1</TF>
      <TW>28.4</TW>
      <A>68720</A>
      <I33>1.203E+10</I33>
      <Z33>2.682E+07</Z33>
      <AS3>34662.83</AS3>
      <I22>5.763E+08</I22>
      <Z22>4436000</Z22>
      <AS2>29252</AS2>
      <J>4.546E+07</J>
      <S33POS>2.335922E+07</S33POS>
      <S33NEG>2.335922E+07</S33NEG>
      <S22POS>2831941</S22POS>
      <S22NEG>2831941</S22NEG>
      <R33>418.3996</R33>
      <R22>91.57623</R22>
  </STEEL_I_SECTION>

  <STEEL_I_SECTION>
      <LABEL>W1000X400X554</LABEL>
      <EDI_STD>W1000X400X554</EDI_STD>
      <DESIGNATION>W</DESIGNATION>
      <D>1032</D>
      <BF>408</BF>
      <TF>52</TF>
      <TW>29.5</TW>
      <A>70580</A>
      <I33>1.232E+10</I33>
      <Z33>2.75E+07</Z33>
      <AS3>35360</AS3>
      <I22>5.91E+08</I22>
      <Z22>4547000</Z22>
      <AS2>30444</AS2>
      <J>4.86E+07</J>
      <S33POS>2.387597E+07</S33POS>
      <S33NEG>2.387597E+07</S33NEG>
      <S22POS>2897059</S22POS>
      <S22NEG>2897059</S22NEG>
      <R33>417.7962</R33>
      <R22>91.50671</R22>
  </STEEL_I_SECTION>

  <STEEL_I_SECTION>
      <LABEL>W1000X400X591</LABEL>
      <EDI_STD>W1000X400X591</EDI_STD>
      <DESIGNATION>W</DESIGNATION>
      <D>1040</D>
      <BF>409</BF>
      <TF>55.9</TF>
      <TW>31</TW>
      <A>75270</A>
      <I33>1.331E+10</I33>
      <Z33>2.953E+07</Z33>
      <AS3>38105.17</AS3>
      <I22>6.401E+08</I22>
      <Z22>4916000</Z22>
      <AS2>32240</AS2>
      <J>5.927E+07</J>
      <S33POS>2.559615E+07</S33POS>
      <S33NEG>2.559615E+07</S33NEG>
      <S22POS>3130073</S22POS>
      <S22NEG>3130073</S22NEG>
      <R33>420.5117</R33>
      <R22>92.21741</R22>
  </STEEL_I_SECTION>

  <STEEL_I_SECTION>
      <LABEL>W1000X400X642</LABEL>
      <EDI_STD>W1000X400X642</EDI_STD>
      <DESIGNATION>W</DESIGNATION>
      <D>1048</D>
      <BF>412</BF>
      <TF>60</TF>
      <TW>34</TW>
      <A>81760</A>
      <I33>1.451E+10</I33>
      <Z33>3.21E+07</Z33>
      <AS3>41200</AS3>
      <I22>7.028E+08</I22>
      <Z22>5379000</Z22>
      <AS2>35632</AS2>
      <J>7.44E+07</J>
      <S33POS>2.769084E+07</S33POS>
      <S33NEG>2.769084E+07</S33NEG>
      <S22POS>3411651</S22POS>
      <S22NEG>3411651</S22NEG>
      <R33>421.2726</R33>
      <R22>92.71403</R22>
  </STEEL_I_SECTION>

  <STEEL_I_SECTION>
      <LABEL>W1000X400X748</LABEL>
      <EDI_STD>W1000X400X748</EDI_STD>
      <DESIGNATION>W</DESIGNATION>
      <D>1068</D>
      <BF>417</BF>
      <TF>70</TF>
      <TW>39</TW>
      <A>95340</A>
      <I33>1.732E+10</I33>
      <Z33>3.788E+07</Z33>
      <AS3>48650</AS3>
      <I22>8.511E+08</I22>
      <Z22>6459000</Z22>
      <AS2>41652</AS2>
      <J>1.167E+08</J>
      <S33POS>3.243446E+07</S33POS>
      <S33NEG>3.243446E+07</S33NEG>
      <S22POS>4082015</S22POS>
      <S22NEG>4082015</S22NEG>
      <R33>426.2225</R33>
      <R22>94.4828</R22>
  </STEEL_I_SECTION>

  <STEEL_I_SECTION>
      <LABEL>W1000X400X883</LABEL>
      <EDI_STD>W1000X400X883</EDI_STD>
      <DESIGNATION>W</DESIGNATION>
      <D>1092</D>
      <BF>424</BF>
      <TF>82</TF>
      <TW>45.5</TW>
      <A>112530</A>
      <I33>2.096E+10</I33>
      <Z33>4.526E+07</Z33>
      <AS3>57946.67</AS3>
      <I22>1.05E+09</I22>
      <Z22>7874000</Z22>
      <AS2>49686</AS2>
      <J>1.875E+08</J>
      <S33POS>3.838828E+07</S33POS>
      <S33NEG>3.838828E+07</S33NEG>
      <S22POS>4952830</S22POS>
      <S22NEG>4952830</S22NEG>
      <R33>431.5802</R33>
      <R22>96.5963</R22>
  </STEEL_I_SECTION>

  <STEEL_I_SECTION>
      <LABEL>W1000X400X976</LABEL>
      <EDI_STD>W1000X400X976</EDI_STD>
      <DESIGNATION>W</DESIGNATION>
      <D>1108</D>
      <BF>428</BF>
      <TF>89.9</TF>
      <TW>50</TW>
      <A>124270</A>
      <I33>2.349E+10</I33>
      <Z33>5.03E+07</Z33>
      <AS3>64128.67</AS3>
      <I22>1.185E+09</I22>
      <Z22>8839000</Z22>
      <AS2>55400</AS2>
      <J>2.477E+08</J>
      <S33POS>4.240072E+07</S33POS>
      <S33NEG>4.240072E+07</S33NEG>
      <S22POS>5537383</S22POS>
      <S22NEG>5537383</S22NEG>
      <R33>434.7688</R33>
      <R22>97.65085</R22>
  </STEEL_I_SECTION>

  <STEEL_I_SECTION>
      <LABEL>W1100X400X343</LABEL>
      <EDI_STD>W1100X400X343</EDI_STD>
      <DESIGNATION>W</DESIGNATION>
      <D>1090</D>
      <BF>400</BF>
      <TF>31</TF>
      <TW>18</TW>
      <A>43650</A>
      <I33>8.674E+09</I33>
      <Z33>1.806E+07</Z33>
      <AS3>20666.67</AS3>
      <I22>3.312E+08</I22>
      <Z22>2568000</Z22>
      <AS2>19620</AS2>
      <J>1.037E+07</J>
      <S33POS>1.59156E+07</S33POS>
      <S33NEG>1.59156E+07</S33NEG>
      <S22POS>1656000</S22POS>
      <S22NEG>1656000</S22NEG>
      <R33>445.7769</R33>
      <R22>87.10699</R22>
  </STEEL_I_SECTION>

  <STEEL_I_SECTION>
      <LABEL>W1100X400X390</LABEL>
      <EDI_STD>W1100X400X390</EDI_STD>
      <DESIGNATION>W</DESIGNATION>
      <D>1100</D>
      <BF>400</BF>
      <TF>36</TF>
      <TW>20</TW>
      <A>49700</A>
      <I33>1.005E+10</I33>
      <Z33>2.078E+07</Z33>
      <AS3>24000</AS3>
      <I22>3.848E+08</I22>
      <Z22>2988000</Z22>
      <AS2>22000</AS2>
      <J>1.564E+07</J>
      <S33POS>1.827273E+07</S33POS>
      <S33NEG>1.827273E+07</S33NEG>
      <S22POS>1924000</S22POS>
      <S22NEG>1924000</S22NEG>
      <R33>449.6813</R33>
      <R22>87.99122</R22>
  </STEEL_I_SECTION>

  <STEEL_I_SECTION>
      <LABEL>W1100X400X433</LABEL>
      <EDI_STD>W1100X400X433</EDI_STD>
      <DESIGNATION>W</DESIGNATION>
      <D>1108</D>
      <BF>402</BF>
      <TF>40</TF>
      <TW>22</TW>
      <A>55120</A>
      <I33>1.126E+10</I33>
      <Z33>2.316E+07</Z33>
      <AS3>26800</AS3>
      <I22>4.341E+08</I22>
      <Z22>3362000</Z22>
      <AS2>24376</AS2>
      <J>2.13E+07</J>
      <S33POS>2.032491E+07</S33POS>
      <S33NEG>2.032491E+07</S33NEG>
      <S22POS>2159702</S22POS>
      <S22NEG>2159702</S22NEG>
      <R33>451.9752</R33>
      <R22>88.74426</R22>
  </STEEL_I_SECTION>

  <STEEL_I_SECTION>
      <LABEL>W1100X400X499</LABEL>
      <EDI_STD>W1100X400X499</EDI_STD>
      <DESIGNATION>W</DESIGNATION>
      <D>1118</D>
      <BF>405</BF>
      <TF>45</TF>
      <TW>26</TW>
      <A>63520</A>
      <I33>1.294E+10</I33>
      <Z33>2.66E+07</Z33>
      <AS3>30375</AS3>
      <I22>4.998E+08</I22>
      <Z22>3870000</Z22>
      <AS2>29068</AS2>
      <J>3.135E+07</J>
      <S33POS>2.314848E+07</S33POS>
      <S33NEG>2.314848E+07</S33NEG>
      <S22POS>2468148</S22POS>
      <S22NEG>2468148</S22NEG>
      <R33>451.3484</R33>
      <R22>88.70393</R22>
  </STEEL_I_SECTION>

  <STEEL_I_SECTION>
      <LABEL>HP250X85</LABEL>
      <EDI_STD>HP250X85</EDI_STD>
      <DESIGNATION>I</DESIGNATION>
      <D>254</D>
      <BF>260</BF>
      <TF>14.4</TF>
      <TW>14.4</TW>
      <A>10800</A>
      <I33>1.23E+08</I33>
      <Z33>1096000</Z33>
      <AS3>6240</AS3>
      <I22>4.225E+07</I22>
      <Z22>500000</Z22>
      <AS2>3657.6</AS2>
      <J>893000</J>
      <S33POS>968503.9</S33POS>
      <S33NEG>968503.9</S33NEG>
      <S22POS>325000</S22POS>
      <S22NEG>325000</S22NEG>
      <R33>106.7187</R33>
      <R22>62.54628</R22>
  </STEEL_I_SECTION>

  <STEEL_I_SECTION>
      <LABEL>HP310X110</LABEL>
      <EDI_STD>HP310X110</EDI_STD>
      <DESIGNATION>I</DESIGNATION>
      <D>308</D>
      <BF>310</BF>
      <TF>15.5</TF>
      <TW>15.4</TW>
      <A>14100</A>
      <I33>2.366E+08</I33>
      <Z33>1727000</Z33>
      <AS3>8008.333</AS3>
      <I22>7.707E+07</I22>
      <Z22>763000</Z22>
      <AS2>4743.2</AS2>
      <J>1330000</J>
      <S33POS>1536364</S33POS>
      <S33NEG>1536364</S33NEG>
      <S22POS>497225.8</S22POS>
      <S22NEG>497225.8</S22NEG>
      <R33>129.5382</R33>
      <R22>73.93211</R22>
  </STEEL_I_SECTION>

  <STEEL_I_SECTION>
      <LABEL>HP310X125</LABEL>
      <EDI_STD>HP310X125</EDI_STD>
      <DESIGNATION>I</DESIGNATION>
      <D>312</D>
      <BF>312</BF>
      <TF>17.4</TF>
      <TW>17.4</TW>
      <A>15900</A>
      <I33>2.703E+08</I33>
      <Z33>1960000</Z33>
      <AS3>9048</AS3>
      <I22>8.823E+07</I22>
      <Z22>870000</Z22>
      <AS2>5428.8</AS2>
      <J>1880000</J>
      <S33POS>1732692</S33POS>
      <S33NEG>1732692</S33NEG>
      <S22POS>565576.9</S22POS>
      <S22NEG>565576.9</S22NEG>
      <R33>130.384</R33>
      <R22>74.49199</R22>
  </STEEL_I_SECTION>

  <STEEL_I_SECTION>
      <LABEL>HP310X132</LABEL>
      <EDI_STD>HP310X132</EDI_STD>
      <DESIGNATION>I</DESIGNATION>
      <D>314</D>
      <BF>313</BF>
      <TF>18.3</TF>
      <TW>18.3</TW>
      <A>16730</A>
      <I33>2.868E+08</I33>
      <Z33>2072000</Z33>
      <AS3>9546.5</AS3>
      <I22>9.37E+07</I22>
      <Z22>922000</Z22>
      <AS2>5746.2</AS2>
      <J>2190000</J>
      <S33POS>1826752</S33POS>
      <S33NEG>1826752</S33NEG>
      <S22POS>598722.1</S22POS>
      <S22NEG>598722.1</S22NEG>
      <R33>130.9307</R33>
      <R22>74.83794</R22>
  </STEEL_I_SECTION>

  <STEEL_I_SECTION>
      <LABEL>HP360X132</LABEL>
      <EDI_STD>HP360X132</EDI_STD>
      <DESIGNATION>I</DESIGNATION>
      <D>351</D>
      <BF>373</BF>
      <TF>15.6</TF>
      <TW>15.6</TW>
      <A>16800</A>
      <I33>3.748E+08</I33>
      <Z33>2381000</Z33>
      <AS3>9698</AS3>
      <I22>1.351E+08</I22>
      <Z22>1107000</Z22>
      <AS2>5475.6</AS2>
      <J>1580000</J>
      <S33POS>2135613</S33POS>
      <S33NEG>2135613</S33NEG>
      <S22POS>724396.8</S22POS>
      <S22NEG>724396.8</S22NEG>
      <R33>149.3637</R33>
      <R22>89.67534</R22>
  </STEEL_I_SECTION>

  <STEEL_I_SECTION>
      <LABEL>HP360X152</LABEL>
      <EDI_STD>HP360X152</EDI_STD>
      <DESIGNATION>I</DESIGNATION>
      <D>356</D>
      <BF>376</BF>
      <TF>17.9</TF>
      <TW>17.9</TW>
      <A>19400</A>
      <I33>4.388E+08</I33>
      <Z33>2765000</Z33>
      <AS3>11217.33</AS3>
      <I22>1.588E+08</I22>
      <Z22>1293000</Z22>
      <AS2>6372.4</AS2>
      <J>2370000</J>
      <S33POS>2465169</S33POS>
      <S33NEG>2465169</S33NEG>
      <S22POS>844680.9</S22POS>
      <S22NEG>844680.9</S22NEG>
      <R33>150.3947</R33>
      <R22>90.47412</R22>
  </STEEL_I_SECTION>

  <STEEL_I_SECTION>
      <LABEL>HP360X174</LABEL>
      <EDI_STD>HP360X174</EDI_STD>
      <DESIGNATION>I</DESIGNATION>
      <D>361</D>
      <BF>378</BF>
      <TF>20.4</TF>
      <TW>20.4</TW>
      <A>22200</A>
      <I33>5.084E+08</I33>
      <Z33>3180000</Z33>
      <AS3>12852</AS3>
      <I22>1.839E+08</I22>
      <Z22>1493000</Z22>
      <AS2>7364.4</AS2>
      <J>3490000</J>
      <S33POS>2816621</S33POS>
      <S33NEG>2816621</S33NEG>
      <S22POS>973015.9</S22POS>
      <S22NEG>973015.9</S22NEG>
      <R33>151.3304</R33>
      <R22>91.0153</R22>
  </STEEL_I_SECTION>

</PROPERTY_FILE>
