<?xml version="1.0" encoding="UTF-8"?>
<PROPERTY_FILE xsi:schemaLocation="http://www.csiamerica.com CSIExtendedSectionPropertyFile.xsd" xmlns:xsi="http://www.w3.org/2001/XMLSchema-instance" xmlns="http://www.csiamerica.com">
  <CONTROL>
    <FILE_ID>CSI Frame Properties</FILE_ID>
    <VERSION>1</VERSION>
    <DESCRIPTION>TATA</DESCRIPTION>
    <LENGTH_UNITS>mm</LENGTH_UNITS>
  </CONTROL>
         <STEEL_BOX>
               <DESIGNATION>RHS</DESIGNATION>
               <EDI_STD>50x25x2.0 RHS</EDI_STD>
               <LABEL>50X25X2.0RHS</LABEL>
               <A>274</A>
               <HT>50</HT>
               <B>25</B>
               <TF>2</TF>
               <TW>2</TW>
               <I33>83800</I33>
               <Z33>4260</Z33>
               <I22>28100</I22>
               <Z22>2620</Z22>
               <J>4330</J>
         </STEEL_BOX>
         <STEEL_BOX>
               <DESIGNATION>RHS</DESIGNATION>
               <EDI_STD>50x25x2.6 RHS</EDI_STD>
               <LABEL>50X25X2.6RHS</LABEL>
               <A>346</A>
               <HT>50</HT>
               <B>25</B>
               <TF>2.6</TF>
               <TW>2.6</TW>
               <I33>101600</I33>
               <Z33>5260</Z33>
               <I22>33600</I22>
               <Z22>3210</Z22>
               <J>5330</J>
         </STEEL_BOX>
         <STEEL_BOX>
               <DESIGNATION>RHS</DESIGNATION>
               <EDI_STD>50x25x3.2 RHS</EDI_STD>
               <LABEL>50X25X3.2RHS</LABEL>
               <A>413</A>
               <HT>50</HT>
               <B>25</B>
               <TF>3.2</TF>
               <TW>3.2</TW>
               <I33>116300</I33>
               <Z33>6140</Z33>
               <I22>38000</I22>
               <Z22>3730</Z22>
               <J>6180</J>
         </STEEL_BOX>
         <STEEL_BOX>
               <DESIGNATION>RHS</DESIGNATION>
               <EDI_STD>50x25x4.0 RHS</EDI_STD>
               <LABEL>50X25X4.0RHS</LABEL>
               <A>495</A>
               <HT>50</HT>
               <B>25</B>
               <TF>4</TF>
               <TW>4</TW>
               <I33>131300</I33>
               <Z33>7130</Z33>
               <I22>42300</I22>
               <Z22>4290</Z22>
               <J>7040</J>
         </STEEL_BOX>
         <STEEL_BOX>
               <DESIGNATION>RHS</DESIGNATION>
               <EDI_STD>60x40x2.6 RHS</EDI_STD>
               <LABEL>60X40X2.6RHS</LABEL>
               <A>476</A>
               <HT>60</HT>
               <B>40</B>
               <TF>2.6</TF>
               <TW>2.6</TW>
               <I33>227600</I33>
               <Z33>9360</Z33>
               <I22>120900</I22>
               <Z22>7070</Z22>
               <J>10970</J>
         </STEEL_BOX>
         <STEEL_BOX>
               <DESIGNATION>RHS</DESIGNATION>
               <EDI_STD>60x40x2.9 RHS</EDI_STD>
               <LABEL>60X40X2.9RHS</LABEL>
               <A>525</A>
               <HT>60</HT>
               <B>40</B>
               <TF>2.9</TF>
               <TW>2.9</TW>
               <I33>247400</I33>
               <Z33>10250</Z33>
               <I22>131100</I22>
               <Z22>7730</Z22>
               <J>12030</J>
         </STEEL_BOX>
         <STEEL_BOX>
               <DESIGNATION>RHS</DESIGNATION>
               <EDI_STD>60x40x3.6 RHS</EDI_STD>
               <LABEL>60X40X3.6RHS</LABEL>
               <A>635</A>
               <HT>60</HT>
               <B>40</B>
               <TF>3.6</TF>
               <TW>3.6</TW>
               <I33>289000</I33>
               <Z33>12160</Z33>
               <I22>152300</I22>
               <Z22>9150</Z22>
               <J>14280</J>
         </STEEL_BOX>
         <STEEL_BOX>
               <DESIGNATION>RHS</DESIGNATION>
               <EDI_STD>60x40x4.5 RHS</EDI_STD>
               <LABEL>60X40X4.5RHS</LABEL>
               <A>767</A>
               <HT>60</HT>
               <B>40</B>
               <TF>4.5</TF>
               <TW>4.5</TW>
               <I33>333100</I33>
               <Z33>14320</Z33>
               <I22>174400</I22>
               <Z22>10750</Z22>
               <J>16750</J>
         </STEEL_BOX>
         <STEEL_BOX>
               <DESIGNATION>RHS</DESIGNATION>
               <EDI_STD>66x33x2.6 RHS</EDI_STD>
               <LABEL>66X33X2.6RHS</LABEL>
               <A>470</A>
               <HT>66</HT>
               <B>33</B>
               <TF>2.6</TF>
               <TW>2.6</TW>
               <I33>251500</I33>
               <Z33>9680</Z33>
               <I22>84300</I22>
               <Z22>5940</Z22>
               <J>9830</J>
         </STEEL_BOX>
         <STEEL_BOX>
               <DESIGNATION>RHS</DESIGNATION>
               <EDI_STD>66x33x2.9 RHS</EDI_STD>
               <LABEL>66X33X2.9RHS</LABEL>
               <A>519</A>
               <HT>66</HT>
               <B>33</B>
               <TF>2.9</TF>
               <TW>2.9</TW>
               <I33>273300</I33>
               <Z33>10590</Z33>
               <I22>91200</I22>
               <Z22>6490</Z22>
               <J>10750</J>
         </STEEL_BOX>
         <STEEL_BOX>
               <DESIGNATION>RHS</DESIGNATION>
               <EDI_STD>66x33x3.6 RHS</EDI_STD>
               <LABEL>66X33X3.6RHS</LABEL>
               <A>628</A>
               <HT>66</HT>
               <B>33</B>
               <TF>3.6</TF>
               <TW>3.6</TW>
               <I33>318700</I33>
               <Z33>12560</Z33>
               <I22>105200</I22>
               <Z22>7660</Z22>
               <J>12710</J>
         </STEEL_BOX>
         <STEEL_BOX>
               <DESIGNATION>RHS</DESIGNATION>
               <EDI_STD>66x33x4.5 RHS</EDI_STD>
               <LABEL>66X33X4.5RHS</LABEL>
               <A>758</A>
               <HT>66</HT>
               <B>33</B>
               <TF>4.5</TF>
               <TW>4.5</TW>
               <I33>366400</I33>
               <Z33>14770</Z33>
               <I22>119300</I22>
               <Z22>8940</Z22>
               <J>14800</J>
         </STEEL_BOX>
         <STEEL_BOX>
               <DESIGNATION>RHS</DESIGNATION>
               <EDI_STD>80x40x2.6 RHS</EDI_STD>
               <LABEL>80X40X2.6RHS</LABEL>
               <A>580</A>
               <HT>80</HT>
               <B>40</B>
               <TF>2.6</TF>
               <TW>2.6</TW>
               <I33>465800</I33>
               <Z33>14640</Z33>
               <I22>157400</I22>
               <Z22>9010</Z22>
               <J>14860</J>
         </STEEL_BOX>
         <STEEL_BOX>
               <DESIGNATION>RHS</DESIGNATION>
               <EDI_STD>80x40x2.9 RHS</EDI_STD>
               <LABEL>80X40X2.9RHS</LABEL>
               <A>641</A>
               <HT>80</HT>
               <B>40</B>
               <TF>2.9</TF>
               <TW>2.9</TW>
               <I33>508700</I33>
               <Z33>16070</Z33>
               <I22>171100</I22>
               <Z22>9880</Z22>
               <J>16330</J>
         </STEEL_BOX>
         <STEEL_BOX>
               <DESIGNATION>RHS</DESIGNATION>
               <EDI_STD>80x40x3.2 RHS</EDI_STD>
               <LABEL>80X40X3.2RHS</LABEL>
               <A>701</A>
               <HT>80</HT>
               <B>40</B>
               <TF>3.2</TF>
               <TW>3.2</TW>
               <I33>549400</I33>
               <Z33>17460</Z33>
               <I22>184100</I22>
               <Z22>10720</Z22>
               <J>17740</J>
         </STEEL_BOX>
         <STEEL_BOX>
               <DESIGNATION>RHS</DESIGNATION>
               <EDI_STD>80x40x4.0 RHS</EDI_STD>
               <LABEL>80X40X4.0RHS</LABEL>
               <A>855</A>
               <HT>80</HT>
               <B>40</B>
               <TF>4</TF>
               <TW>4</TW>
               <I33>647900</I33>
               <Z33>20910</Z33>
               <I22>214900</I22>
               <Z22>12770</Z22>
               <J>21200</J>
         </STEEL_BOX>
         <STEEL_BOX>
               <DESIGNATION>RHS</DESIGNATION>
               <EDI_STD>80x40x4.8 RHS</EDI_STD>
               <LABEL>80X40X4.8RHS</LABEL>
               <A>1001</A>
               <HT>80</HT>
               <B>40</B>
               <TF>4.8</TF>
               <TW>4.8</TW>
               <I33>732200</I33>
               <Z33>24010</Z33>
               <I22>240300</I22>
               <Z22>14600</Z22>
               <J>24220</J>
         </STEEL_BOX>
         <STEEL_BOX>
               <DESIGNATION>RHS</DESIGNATION>
               <EDI_STD>96x48x3.2 RHS</EDI_STD>
               <LABEL>96X48X3.2RHS</LABEL>
               <A>854</A>
               <HT>96</HT>
               <B>48</B>
               <TF>3.2</TF>
               <TW>3.2</TW>
               <I33>986100</I33>
               <Z33>25850</Z33>
               <I22>332800</I22>
               <Z22>15910</Z22>
               <J>26260</J>
         </STEEL_BOX>
         <STEEL_BOX>
               <DESIGNATION>RHS</DESIGNATION>
               <EDI_STD>96x48x4.0 RHS</EDI_STD>
               <LABEL>96X48X4.0RHS</LABEL>
               <A>1047</A>
               <HT>96</HT>
               <B>48</B>
               <TF>4</TF>
               <TW>4</TW>
               <I33>1175400</I33>
               <Z33>31210</Z33>
               <I22>393200</I22>
               <Z22>19140</Z22>
               <J>31700</J>
         </STEEL_BOX>
         <STEEL_BOX>
               <DESIGNATION>RHS</DESIGNATION>
               <EDI_STD>96x48x4.8 RHS</EDI_STD>
               <LABEL>96X48X4.8RHS</LABEL>
               <A>1231</A>
               <HT>96</HT>
               <B>48</B>
               <TF>4.8</TF>
               <TW>4.8</TW>
               <I33>1343500</I33>
               <Z33>36130</Z33>
               <I22>445500</I22>
               <Z22>22080</Z22>
               <J>36640</J>
         </STEEL_BOX>
         <STEEL_BOX>
               <DESIGNATION>RHS</DESIGNATION>
               <EDI_STD>120x60x3.2 RHS</EDI_STD>
               <LABEL>120X60X3.2RHS</LABEL>
               <A>1085</A>
               <HT>120</HT>
               <B>60</B>
               <TF>3.2</TF>
               <TW>3.2</TW>
               <I33>1998800</I33>
               <Z33>41510</Z33>
               <I22>679500</I22>
               <Z22>25630</Z22>
               <J>42110</J>
         </STEEL_BOX>
         <STEEL_BOX>
               <DESIGNATION>RHS</DESIGNATION>
               <EDI_STD>120x60x3.6 RHS</EDI_STD>
               <LABEL>120X60X3.6RHS</LABEL>
               <A>1211</A>
               <HT>120</HT>
               <B>60</B>
               <TF>3.6</TF>
               <TW>3.6</TW>
               <I33>2207500</I33>
               <Z33>46070</Z33>
               <I22>747700</I22>
               <Z22>28400</Z22>
               <J>46770</J>
         </STEEL_BOX>
         <STEEL_BOX>
               <DESIGNATION>RHS</DESIGNATION>
               <EDI_STD>120x60x4.5 RHS</EDI_STD>
               <LABEL>120X60X4.5RHS</LABEL>
               <A>1487</A>
               <HT>120</HT>
               <B>60</B>
               <TF>4.5</TF>
               <TW>4.5</TW>
               <I33>2645200</I33>
               <Z33>55820</Z33>
               <I22>888800</I22>
               <Z22>34300</Z22>
               <J>56710</J>
         </STEEL_BOX>
         <STEEL_BOX>
               <DESIGNATION>RHS</DESIGNATION>
               <EDI_STD>120x60x5.4 RHS</EDI_STD>
               <LABEL>120X60X5.4RHS</LABEL>
               <A>1752</A>
               <HT>120</HT>
               <B>60</B>
               <TF>5.4</TF>
               <TW>5.4</TW>
               <I33>3040000</I33>
               <Z33>64900</Z33>
               <I22>1013300</I22>
               <Z22>39740</Z22>
               <J>65890</J>
         </STEEL_BOX>
         <STEEL_BOX>
               <DESIGNATION>RHS</DESIGNATION>
               <EDI_STD>145x82x4.8 RHS</EDI_STD>
               <LABEL>145X82X4.8RHS</LABEL>
               <A>2028</A>
               <HT>145</HT>
               <B>82</B>
               <TF>4.8</TF>
               <TW>4.8</TW>
               <I33>5551600</I33>
               <Z33>94930</Z33>
               <I22>2285000</I22>
               <Z22>63930</Z22>
               <J>102720</J>
         </STEEL_BOX>
         <STEEL_BOX>
               <DESIGNATION>RHS</DESIGNATION>
               <EDI_STD>145x82x5.4 RHS</EDI_STD>
               <LABEL>145X82X5.4RHS</LABEL>
               <A>2260</A>
               <HT>145</HT>
               <B>82</B>
               <TF>5.4</TF>
               <TW>5.4</TW>
               <I33>6108500</I33>
               <Z33>105070</Z33>
               <I22>2505900</I22>
               <Z22>70660</Z22>
               <J>113800</J>
         </STEEL_BOX>
         <STEEL_BOX>
               <DESIGNATION>RHS</DESIGNATION>
               <EDI_STD>172x92x4.8 RHS</EDI_STD>
               <LABEL>172X92X4.8RHS</LABEL>
               <A>2383</A>
               <HT>172</HT>
               <B>92</B>
               <TF>4.8</TF>
               <TW>4.8</TW>
               <I33>9171300</I33>
               <Z33>132080</Z33>
               <I22>3469100</I22>
               <Z22>85610</Z22>
               <J>138780</J>
         </STEEL_BOX>
         <STEEL_BOX>
               <DESIGNATION>RHS</DESIGNATION>
               <EDI_STD>172x92x5.4 RHS</EDI_STD>
               <LABEL>172X92X5.4RHS</LABEL>
               <A>2660</A>
               <HT>172</HT>
               <B>92</B>
               <TF>5.4</TF>
               <TW>5.4</TW>
               <I33>10124700</I33>
               <Z33>146550</Z33>
               <I22>3817400</I22>
               <Z22>94860</Z22>
               <J>154130</J>
         </STEEL_BOX>
         <STEEL_BOX>
               <DESIGNATION>RHS</DESIGNATION>
               <EDI_STD>200x100x4.0 RHS</EDI_STD>
               <LABEL>200X100X4.0RHS</LABEL>
               <A>2295</A>
               <HT>200</HT>
               <B>100</B>
               <TF>4</TF>
               <TW>4</TW>
               <I33>11997100</I33>
               <Z33>148040</Z33>
               <I22>4107800</I22>
               <Z22>91700</Z22>
               <J>149840</J>
         </STEEL_BOX>
         <STEEL_BOX>
               <DESIGNATION>RHS</DESIGNATION>
               <EDI_STD>200x100x5.0 RHS</EDI_STD>
               <LABEL>200X100X5.0RHS</LABEL>
               <A>2836</A>
               <HT>200</HT>
               <B>100</B>
               <TF>5</TF>
               <TW>5</TW>
               <I33>14592500</I33>
               <Z33>181370</Z33>
               <I22>4969400</I22>
               <Z22>112090</Z22>
               <J>183910</J>
         </STEEL_BOX>
         <STEEL_BOX>
               <DESIGNATION>RHS</DESIGNATION>
               <EDI_STD>200x100x6.0 RHS</EDI_STD>
               <LABEL>200X100X6.0RHS</LABEL>
               <A>3363</A>
               <HT>200</HT>
               <B>100</B>
               <TF>6</TF>
               <TW>6</TW>
               <I33>17033100</I33>
               <Z33>213270</Z33>
               <I22>5769100</I22>
               <Z22>131500</Z22>
               <J>216510</J>
         </STEEL_BOX>
         <STEEL_BOX>
               <DESIGNATION>RHS</DESIGNATION>
               <EDI_STD>200x100x8.0 RHS</EDI_STD>
               <LABEL>200X100X8.0RHS</LABEL>
               <A>4379</A>
               <HT>200</HT>
               <B>100</B>
               <TF>8</TF>
               <TW>8</TW>
               <I33>21462100</I33>
               <Z33>272790</Z33>
               <I22>7191900</I22>
               <Z22>167430</Z22>
               <J>277130</J>
         </STEEL_BOX>
         <STEEL_BOX>
               <DESIGNATION>RHS</DESIGNATION>
               <EDI_STD>220x140x4.0 RHS</EDI_STD>
               <LABEL>220X140X4.0RHS</LABEL>
               <A>2775</A>
               <HT>220</HT>
               <B>140</B>
               <TF>4</TF>
               <TW>4</TW>
               <I33>18925500</I33>
               <Z33>206350</Z33>
               <I22>9476400</I22>
               <Z22>151670</Z22>
               <J>234320</J>
         </STEEL_BOX>
         <STEEL_BOX>
               <DESIGNATION>RHS</DESIGNATION>
               <EDI_STD>220x140x5.0 RHS</EDI_STD>
               <LABEL>220X140X5.0RHS</LABEL>
               <A>3436</A>
               <HT>220</HT>
               <B>140</B>
               <TF>5</TF>
               <TW>5</TW>
               <I33>23133600</I33>
               <Z33>253730</Z33>
               <I22>11552300</I22>
               <Z22>186300</Z22>
               <J>288910</J>
         </STEEL_BOX>
         <STEEL_BOX>
               <DESIGNATION>RHS</DESIGNATION>
               <EDI_STD>220x140x6.0 RHS</EDI_STD>
               <LABEL>220X140X6.0RHS</LABEL>
               <A>4083</A>
               <HT>220</HT>
               <B>140</B>
               <TF>6</TF>
               <TW>6</TW>
               <I33>27139700</I33>
               <Z33>299460</Z33>
               <I22>13516600</I22>
               <Z22>219650</Z22>
               <J>341790</J>
         </STEEL_BOX>
         <STEEL_BOX>
               <DESIGNATION>RHS</DESIGNATION>
               <EDI_STD>220x140x8.0 RHS</EDI_STD>
               <LABEL>220X140X8.0RHS</LABEL>
               <A>5339</A>
               <HT>220</HT>
               <B>140</B>
               <TF>8</TF>
               <TW>8</TW>
               <I33>34561000</I33>
               <Z33>386020</Z33>
               <I22>17121700</I22>
               <Z22>282530</Z22>
               <J>442250</J>
         </STEEL_BOX>
         <STEEL_BOX>
               <DESIGNATION>RHS</DESIGNATION>
               <EDI_STD>240x120x4.0 RHS</EDI_STD>
               <LABEL>240X120X4.0RHS</LABEL>
               <A>2775</A>
               <HT>240</HT>
               <B>120</B>
               <TF>4</TF>
               <TW>4</TW>
               <I33>21107200</I33>
               <Z33>216010</Z33>
               <I22>7253500</I22>
               <Z22>134010</Z22>
               <J>218320</J>
         </STEEL_BOX>
         <STEEL_BOX>
               <DESIGNATION>RHS</DESIGNATION>
               <EDI_STD>240x120x5.0 RHS</EDI_STD>
               <LABEL>240X120X5.0RHS</LABEL>
               <A>3436</A>
               <HT>240</HT>
               <B>120</B>
               <TF>5</TF>
               <TW>5</TW>
               <I33>25796700</I33>
               <Z33>265580</Z33>
               <I22>8824700</I22>
               <Z22>164450</Z22>
               <J>268910</J>
         </STEEL_BOX>
         <STEEL_BOX>
               <DESIGNATION>RHS</DESIGNATION>
               <EDI_STD>240x120x6.0 RHS</EDI_STD>
               <LABEL>240X120X6.0RHS</LABEL>
               <A>4083</A>
               <HT>240</HT>
               <B>120</B>
               <TF>6</TF>
               <TW>6</TW>
               <I33>30259100</I33>
               <Z33>313410</Z33>
               <I22>10304500</I22>
               <Z22>193690</Z22>
               <J>317790</J>
         </STEEL_BOX>
         <STEEL_BOX>
               <DESIGNATION>RHS</DESIGNATION>
               <EDI_STD>240x120x8.0 RHS</EDI_STD>
               <LABEL>240X120X8.0RHS</LABEL>
               <A>5339</A>
               <HT>240</HT>
               <B>120</B>
               <TF>8</TF>
               <TW>8</TW>
               <I33>38518400</I33>
               <Z33>403890</Z33>
               <I22>12999500</I22>
               <Z22>248660</Z22>
               <J>410250</J>
         </STEEL_BOX>
         <STEEL_BOX>
               <DESIGNATION>RHS</DESIGNATION>
               <EDI_STD>260x180x6.0 RHS</EDI_STD>
               <LABEL>260X180X6.0RHS</LABEL>
               <A>5043</A>
               <HT>260</HT>
               <B>180</B>
               <TF>6</TF>
               <TW>6</TW>
               <I33>48558700</I33>
               <Z33>446880</Z33>
               <I22>27634300</I22>
               <Z22>347870</Z22>
               <J>528030</J>
         </STEEL_BOX>
         <STEEL_BOX>
               <DESIGNATION>RHS</DESIGNATION>
               <EDI_STD>260x180x8.0 RHS</EDI_STD>
               <LABEL>260X180X8.0RHS</LABEL>
               <A>6619</A>
               <HT>260</HT>
               <B>180</B>
               <TF>8</TF>
               <TW>8</TW>
               <I33>62386900</I33>
               <Z33>579850</Z33>
               <I22>35381000</I22>
               <Z22>450760</Z22>
               <J>688010</J>
         </STEEL_BOX>
         <STEEL_BOX>
               <DESIGNATION>RHS</DESIGNATION>
               <EDI_STD>260x180x10.0 RHS</EDI_STD>
               <LABEL>260X180X10.0RHS</LABEL>
               <A>8143</A>
               <HT>260</HT>
               <B>180</B>
               <TF>10</TF>
               <TW>10</TW>
               <I33>75095100</I33>
               <Z33>705010</Z33>
               <I22>42442600</I22>
               <Z22>547310</Z22>
               <J>839270</J>
         </STEEL_BOX>
         <STEEL_BOX>
               <DESIGNATION>RHS</DESIGNATION>
               <EDI_STD>260x180x12.0 RHS</EDI_STD>
               <LABEL>260X180X12.0RHS</LABEL>
               <A>9614</A>
               <HT>260</HT>
               <B>180</B>
               <TF>12</TF>
               <TW>12</TW>
               <I33>86718000</I33>
               <Z33>822480</Z33>
               <I22>48846900</I22>
               <Z22>637640</Z22>
               <J>981390</J>
         </STEEL_BOX>
         <STEEL_BOX>
               <DESIGNATION>RHS</DESIGNATION>
               <EDI_STD>300x150x6.0 RHS</EDI_STD>
               <LABEL>300X150X6.0RHS</LABEL>
               <A>5163</A>
               <HT>300</HT>
               <B>150</B>
               <TF>6</TF>
               <TW>6</TW>
               <I33>60735100</I33>
               <Z33>499630</Z33>
               <I22>20795700</I22>
               <Z22>309480</Z22>
               <J>505710</J>
         </STEEL_BOX>
         <STEEL_BOX>
               <DESIGNATION>RHS</DESIGNATION>
               <EDI_STD>300x150x8.0 RHS</EDI_STD>
               <LABEL>300X150X8.0RHS</LABEL>
               <A>6779</A>
               <HT>300</HT>
               <B>150</B>
               <TF>8</TF>
               <TW>8</TW>
               <I33>78079500</I33>
               <Z33>648550</Z33>
               <I22>26541200</I22>
               <Z22>400510</Z22>
               <J>657930</J>
         </STEEL_BOX>
         <STEEL_BOX>
               <DESIGNATION>RHS</DESIGNATION>
               <EDI_STD>300x150x10.0 RHS</EDI_STD>
               <LABEL>300X150X10.0RHS</LABEL>
               <A>8343</A>
               <HT>300</HT>
               <B>150</B>
               <TF>10</TF>
               <TW>10</TW>
               <I33>94039000</I33>
               <Z33>788860</Z33>
               <I22>31737100</I22>
               <Z22>485670</Z22>
               <J>801270</J>
         </STEEL_BOX>
         <STEEL_BOX>
               <DESIGNATION>RHS</DESIGNATION>
               <EDI_STD>300x150x12.0 RHS</EDI_STD>
               <LABEL>300X150X12.0RHS</LABEL>
               <A>9854</A>
               <HT>300</HT>
               <B>150</B>
               <TF>12</TF>
               <TW>12</TW>
               <I33>108652100</I33>
               <Z33>920670</Z33>
               <I22>36408900</I22>
               <Z22>565080</Z22>
               <J>935310</J>
         </STEEL_BOX>
         <STEEL_BOX>
               <DESIGNATION>RHS</DESIGNATION>
               <EDI_STD>300x200x6.0 RHS</EDI_STD>
               <LABEL>300X200X6.0RHS</LABEL>
               <A>5763</A>
               <HT>300</HT>
               <B>200</B>
               <TF>6</TF>
               <TW>6</TW>
               <I33>73702300</I33>
               <Z33>587830</Z33>
               <I22>39621900</I22>
               <Z22>446070</Z22>
               <J>682110</J>
         </STEEL_BOX>
         <STEEL_BOX>
               <DESIGNATION>RHS</DESIGNATION>
               <EDI_STD>300x200x8.0 RHS</EDI_STD>
               <LABEL>300X200X8.0RHS</LABEL>
               <A>7579</A>
               <HT>300</HT>
               <B>200</B>
               <TF>8</TF>
               <TW>8</TW>
               <I33>95136600</I33>
               <Z33>765350</Z33>
               <I22>50970400</I22>
               <Z22>579990</Z22>
               <J>891530</J>
         </STEEL_BOX>
         <STEEL_BOX>
               <DESIGNATION>RHS</DESIGNATION>
               <EDI_STD>300x200x10.0 RHS</EDI_STD>
               <LABEL>300X200X10.0RHS</LABEL>
               <A>9343</A>
               <HT>300</HT>
               <B>200</B>
               <TF>10</TF>
               <TW>10</TW>
               <I33>115072400</I33>
               <Z33>933860</Z33>
               <I22>61443000</I22>
               <Z22>706730</Z22>
               <J>1091270</J>
         </STEEL_BOX>
         <STEEL_BOX>
               <DESIGNATION>RHS</DESIGNATION>
               <EDI_STD>300x200x12.0 RHS</EDI_STD>
               <LABEL>300X200X12.0RHS</LABEL>
               <A>11054</A>
               <HT>300</HT>
               <B>200</B>
               <TF>12</TF>
               <TW>12</TW>
               <I33>133549700</I33>
               <Z33>1093470</Z33>
               <I22>71071100</I22>
               <Z22>826410</Z22>
               <J>1280910</J>
         </STEEL_BOX>
         <STEEL_BOX>
               <DESIGNATION>SHS</DESIGNATION>
               <EDI_STD>25x25x1.6 SHS</EDI_STD>
               <LABEL>25X25X1.6SHS</LABEL>
               <A>143</A>
               <HT>25</HT>
               <B>25</B>
               <TF>1.6</TF>
               <TW>1.6</TW>
               <I33>12800</I33>
               <Z33>1240</Z33>
               <I22>12800</I22>
               <Z22>1240</Z22>
               <J>1710</J>
         </STEEL_BOX>
         <STEEL_BOX>
               <DESIGNATION>SHS</DESIGNATION>
               <EDI_STD>25x25x2.0 SHS</EDI_STD>
               <LABEL>25X25X2.0SHS</LABEL>
               <A>174</A>
               <HT>25</HT>
               <B>25</B>
               <TF>2</TF>
               <TW>2</TW>
               <I33>14800</I33>
               <Z33>1470</Z33>
               <I22>14800</I22>
               <Z22>1470</Z22>
               <J>2030</J>
         </STEEL_BOX>
         <STEEL_BOX>
               <DESIGNATION>SHS</DESIGNATION>
               <EDI_STD>25x25x2.6 SHS</EDI_STD>
               <LABEL>25X25X2.6SHS</LABEL>
               <A>216</A>
               <HT>25</HT>
               <B>25</B>
               <TF>2.6</TF>
               <TW>2.6</TW>
               <I33>17200</I33>
               <Z33>1760</Z33>
               <I22>17200</I22>
               <Z22>1760</Z22>
               <J>2420</J>
         </STEEL_BOX>
         <STEEL_BOX>
               <DESIGNATION>SHS</DESIGNATION>
               <EDI_STD>25x25x3.2 SHS</EDI_STD>
               <LABEL>25X25X3.2SHS</LABEL>
               <A>253</A>
               <HT>25</HT>
               <B>25</B>
               <TF>3.2</TF>
               <TW>3.2</TW>
               <I33>18900</I33>
               <Z33>1980</Z33>
               <I22>18900</I22>
               <Z22>1980</Z22>
               <J>2690</J>
         </STEEL_BOX>
         <STEEL_BOX>
               <DESIGNATION>SHS</DESIGNATION>
               <EDI_STD>30x30x2.0 SHS</EDI_STD>
               <LABEL>30X30X2.0SHS</LABEL>
               <A>214</A>
               <HT>30</HT>
               <B>30</B>
               <TF>2</TF>
               <TW>2</TW>
               <I33>27200</I33>
               <Z33>2210</Z33>
               <I22>27200</I22>
               <Z22>2210</Z22>
               <J>3050</J>
         </STEEL_BOX>
         <STEEL_BOX>
               <DESIGNATION>SHS</DESIGNATION>
               <EDI_STD>30x30x2.6 SHS</EDI_STD>
               <LABEL>30X30X2.6SHS</LABEL>
               <A>268</A>
               <HT>30</HT>
               <B>30</B>
               <TF>2.6</TF>
               <TW>2.6</TW>
               <I33>32300</I33>
               <Z33>2680</Z33>
               <I22>32300</I22>
               <Z22>2680</Z22>
               <J>3720</J>
         </STEEL_BOX>
         <STEEL_BOX>
               <DESIGNATION>SHS</DESIGNATION>
               <EDI_STD>30x30x3.2 SHS</EDI_STD>
               <LABEL>30X30X3.2SHS</LABEL>
               <A>317</A>
               <HT>30</HT>
               <B>30</B>
               <TF>3.2</TF>
               <TW>3.2</TW>
               <I33>36200</I33>
               <Z33>3080</Z33>
               <I22>36200</I22>
               <Z22>3080</Z22>
               <J>4250</J>
         </STEEL_BOX>
         <STEEL_BOX>
               <DESIGNATION>SHS</DESIGNATION>
               <EDI_STD>38x38x2.0 SHS</EDI_STD>
               <LABEL>38X38X2.0SHS</LABEL>
               <A>278</A>
               <HT>38</HT>
               <B>38</B>
               <TF>2</TF>
               <TW>2</TW>
               <I33>58800</I33>
               <Z33>3700</Z33>
               <I22>58800</I22>
               <Z22>3700</Z22>
               <J>5100</J>
         </STEEL_BOX>
         <STEEL_BOX>
               <DESIGNATION>SHS</DESIGNATION>
               <EDI_STD>38x38x2.6 SHS</EDI_STD>
               <LABEL>38X38X2.6SHS</LABEL>
               <A>351</A>
               <HT>38</HT>
               <B>38</B>
               <TF>2.6</TF>
               <TW>2.6</TW>
               <I33>71400</I33>
               <Z33>4570</Z33>
               <I22>71400</I22>
               <Z22>4570</Z22>
               <J>6330</J>
         </STEEL_BOX>
         <STEEL_BOX>
               <DESIGNATION>SHS</DESIGNATION>
               <EDI_STD>38x38x3.2 SHS</EDI_STD>
               <LABEL>38X38X3.2SHS</LABEL>
               <A>419</A>
               <HT>38</HT>
               <B>38</B>
               <TF>3.2</TF>
               <TW>3.2</TW>
               <I33>81800</I33>
               <Z33>5340</Z33>
               <I22>81800</I22>
               <Z22>5340</Z22>
               <J>7400</J>
         </STEEL_BOX>
         <STEEL_BOX>
               <DESIGNATION>SHS</DESIGNATION>
               <EDI_STD>38x38x4.0 SHS</EDI_STD>
               <LABEL>38X38X4.0SHS</LABEL>
               <A>503</A>
               <HT>38</HT>
               <B>38</B>
               <TF>4</TF>
               <TW>4</TW>
               <I33>92600</I33>
               <Z33>6220</Z33>
               <I22>92600</I22>
               <Z22>6220</Z22>
               <J>8560</J>
         </STEEL_BOX>
         <STEEL_BOX>
               <DESIGNATION>SHS</DESIGNATION>
               <EDI_STD>40x40x2.6 SHS</EDI_STD>
               <LABEL>40X40X2.6SHS</LABEL>
               <A>372</A>
               <HT>40</HT>
               <B>40</B>
               <TF>2.6</TF>
               <TW>2.6</TW>
               <I33>84500</I33>
               <Z33>5120</Z33>
               <I22>84500</I22>
               <Z22>5120</Z22>
               <J>7080</J>
         </STEEL_BOX>
         <STEEL_BOX>
               <DESIGNATION>SHS</DESIGNATION>
               <EDI_STD>40x40x2.9 SHS</EDI_STD>
               <LABEL>40X40X2.9SHS</LABEL>
               <A>409</A>
               <HT>40</HT>
               <B>40</B>
               <TF>2.9</TF>
               <TW>2.9</TW>
               <I33>91100</I33>
               <Z33>5580</Z33>
               <I22>91100</I22>
               <Z22>5580</Z22>
               <J>7720</J>
         </STEEL_BOX>
         <STEEL_BOX>
               <DESIGNATION>SHS</DESIGNATION>
               <EDI_STD>40x40x3.2 SHS</EDI_STD>
               <LABEL>40X40X3.2SHS</LABEL>
               <A>445</A>
               <HT>40</HT>
               <B>40</B>
               <TF>3.2</TF>
               <TW>3.2</TW>
               <I33>97200</I33>
               <Z33>6010</Z33>
               <I22>97200</I22>
               <Z22>6010</Z22>
               <J>8320</J>
         </STEEL_BOX>
         <STEEL_BOX>
               <DESIGNATION>SHS</DESIGNATION>
               <EDI_STD>40x40x4.0 SHS</EDI_STD>
               <LABEL>40X40X4.0SHS</LABEL>
               <A>535</A>
               <HT>40</HT>
               <B>40</B>
               <TF>4</TF>
               <TW>4</TW>
               <I33>110700</I33>
               <Z33>7010</Z33>
               <I22>110700</I22>
               <Z22>7010</Z22>
               <J>9680</J>
         </STEEL_BOX>
         <STEEL_BOX>
               <DESIGNATION>SHS</DESIGNATION>
               <EDI_STD>50x50x2.6 SHS</EDI_STD>
               <LABEL>50X50X2.6SHS</LABEL>
               <A>476</A>
               <HT>50</HT>
               <B>50</B>
               <TF>2.6</TF>
               <TW>2.6</TW>
               <I33>174700</I33>
               <Z33>8340</Z33>
               <I22>174700</I22>
               <Z22>8340</Z22>
               <J>11490</J>
         </STEEL_BOX>
         <STEEL_BOX>
               <DESIGNATION>SHS</DESIGNATION>
               <EDI_STD>50x50x2.9 SHS</EDI_STD>
               <LABEL>50X50X2.9SHS</LABEL>
               <A>525</A>
               <HT>50</HT>
               <B>50</B>
               <TF>2.9</TF>
               <TW>2.9</TW>
               <I33>189800</I33>
               <Z33>9130</Z33>
               <I22>189800</I22>
               <Z22>9130</Z22>
               <J>12610</J>
         </STEEL_BOX>
         <STEEL_BOX>
               <DESIGNATION>SHS</DESIGNATION>
               <EDI_STD>50x50x3.6 SHS</EDI_STD>
               <LABEL>50X50X3.6SHS</LABEL>
               <A>635</A>
               <HT>50</HT>
               <B>50</B>
               <TF>3.6</TF>
               <TW>3.6</TW>
               <I33>221500</I33>
               <Z33>10840</Z33>
               <I22>221500</I22>
               <Z22>10840</Z22>
               <J>15000</J>
         </STEEL_BOX>
         <STEEL_BOX>
               <DESIGNATION>SHS</DESIGNATION>
               <EDI_STD>50x50x4.5 SHS</EDI_STD>
               <LABEL>50X50X4.5SHS</LABEL>
               <A>767</A>
               <HT>50</HT>
               <B>50</B>
               <TF>4.5</TF>
               <TW>4.5</TW>
               <I33>255000</I33>
               <Z33>12760</Z33>
               <I22>255000</I22>
               <Z22>12760</Z22>
               <J>17650</J>
         </STEEL_BOX>
         <STEEL_BOX>
               <DESIGNATION>SHS</DESIGNATION>
               <EDI_STD>60x60x2.6 SHS</EDI_STD>
               <LABEL>60X60X2.6SHS</LABEL>
               <A>580</A>
               <HT>60</HT>
               <B>60</B>
               <TF>2.6</TF>
               <TW>2.6</TW>
               <I33>313300</I33>
               <Z33>12340</Z33>
               <I22>313300</I22>
               <Z22>12340</Z22>
               <J>16940</J>
         </STEEL_BOX>
         <STEEL_BOX>
               <DESIGNATION>SHS</DESIGNATION>
               <EDI_STD>60x60x2.9 SHS</EDI_STD>
               <LABEL>60X60X2.9SHS</LABEL>
               <A>641</A>
               <HT>60</HT>
               <B>60</B>
               <TF>2.9</TF>
               <TW>2.9</TW>
               <I33>342100</I33>
               <Z33>13560</Z33>
               <I22>342100</I22>
               <Z22>13560</Z22>
               <J>18650</J>
         </STEEL_BOX>
         <STEEL_BOX>
               <DESIGNATION>SHS</DESIGNATION>
               <EDI_STD>60x60x3.2 SHS</EDI_STD>
               <LABEL>60X60X3.2SHS</LABEL>
               <A>701</A>
               <HT>60</HT>
               <B>60</B>
               <TF>3.2</TF>
               <TW>3.2</TW>
               <I33>369400</I33>
               <Z33>14730</Z33>
               <I22>369400</I22>
               <Z22>14730</Z22>
               <J>20300</J>
         </STEEL_BOX>
         <STEEL_BOX>
               <DESIGNATION>SHS</DESIGNATION>
               <EDI_STD>60x60x4.0 SHS</EDI_STD>
               <LABEL>60X60X4.0SHS</LABEL>
               <A>855</A>
               <HT>60</HT>
               <B>60</B>
               <TF>4</TF>
               <TW>4</TW>
               <I33>435500</I33>
               <Z33>17640</Z33>
               <I22>435500</I22>
               <Z22>17640</Z22>
               <J>24400</J>
         </STEEL_BOX>
         <STEEL_BOX>
               <DESIGNATION>SHS</DESIGNATION>
               <EDI_STD>60x60x4.8 SHS</EDI_STD>
               <LABEL>60X60X4.8SHS</LABEL>
               <A>1001</A>
               <HT>60</HT>
               <B>60</B>
               <TF>4.8</TF>
               <TW>4.8</TW>
               <I33>492200</I33>
               <Z33>20270</Z33>
               <I22>492200</I22>
               <Z22>20270</Z22>
               <J>28060</J>
         </STEEL_BOX>
         <STEEL_BOX>
               <DESIGNATION>SHS</DESIGNATION>
               <EDI_STD>72x72x3.2 SHS</EDI_STD>
               <LABEL>72X72X3.2SHS</LABEL>
               <A>854</A>
               <HT>72</HT>
               <B>72</B>
               <TF>3.2</TF>
               <TW>3.2</TW>
               <I33>663200</I33>
               <Z33>21800</Z33>
               <I22>663200</I22>
               <Z22>21800</Z22>
               <J>29940</J>
         </STEEL_BOX>
         <STEEL_BOX>
               <DESIGNATION>SHS</DESIGNATION>
               <EDI_STD>72x72x4.0 SHS</EDI_STD>
               <LABEL>72X72X4.0SHS</LABEL>
               <A>1047</A>
               <HT>72</HT>
               <B>72</B>
               <TF>4</TF>
               <TW>4</TW>
               <I33>790300</I33>
               <Z33>26320</Z33>
               <I22>790300</I22>
               <Z22>26320</Z22>
               <J>36310</J>
         </STEEL_BOX>
         <STEEL_BOX>
               <DESIGNATION>SHS</DESIGNATION>
               <EDI_STD>72x72x4.8 SHS</EDI_STD>
               <LABEL>72X72X4.8SHS</LABEL>
               <A>1231</A>
               <HT>72</HT>
               <B>72</B>
               <TF>4.8</TF>
               <TW>4.8</TW>
               <I33>903100</I33>
               <Z33>30490</Z33>
               <I22>903100</I22>
               <Z22>30490</Z22>
               <J>42170</J>
         </STEEL_BOX>
         <STEEL_BOX>
               <DESIGNATION>SHS</DESIGNATION>
               <EDI_STD>80x80x3.2 SHS</EDI_STD>
               <LABEL>80X80X3.2SHS</LABEL>
               <A>957</A>
               <HT>80</HT>
               <B>80</B>
               <TF>3.2</TF>
               <TW>3.2</TW>
               <I33>927100</I33>
               <Z33>27290</Z33>
               <I22>927100</I22>
               <Z22>27290</Z22>
               <J>37400</J>
         </STEEL_BOX>
         <STEEL_BOX>
               <DESIGNATION>SHS</DESIGNATION>
               <EDI_STD>80x80x4.0 SHS</EDI_STD>
               <LABEL>80X80X4.0SHS</LABEL>
               <A>1175</A>
               <HT>80</HT>
               <B>80</B>
               <TF>4</TF>
               <TW>4</TW>
               <I33>1110400</I33>
               <Z33>33070</Z33>
               <I22>1110400</I22>
               <Z22>33070</Z22>
               <J>45520</J>
         </STEEL_BOX>
         <STEEL_BOX>
               <DESIGNATION>SHS</DESIGNATION>
               <EDI_STD>80x80x4.8 SHS</EDI_STD>
               <LABEL>80X80X4.8SHS</LABEL>
               <A>1385</A>
               <HT>80</HT>
               <B>80</B>
               <TF>4.8</TF>
               <TW>4.8</TW>
               <I33>1275800</I33>
               <Z33>38450</Z33>
               <I22>1275800</I22>
               <Z22>38450</Z22>
               <J>53100</J>
         </STEEL_BOX>
         <STEEL_BOX>
               <DESIGNATION>SHS</DESIGNATION>
               <EDI_STD>91.5x91.5x3.6 SHS</EDI_STD>
               <LABEL>91.5X91.5X3.6SHS</LABEL>
               <A>1232</A>
               <HT>91.5</HT>
               <B>91.5</B>
               <TF>3.6</TF>
               <TW>3.6</TW>
               <I33>1564900</I33>
               <Z33>40240</Z33>
               <I22>1564900</I22>
               <Z22>40240</Z22>
               <J>55130</J>
         </STEEL_BOX>
         <STEEL_BOX>
               <DESIGNATION>SHS</DESIGNATION>
               <EDI_STD>91.5x91.5x4.5 SHS</EDI_STD>
               <LABEL>91.5X91.5X4.5SHS</LABEL>
               <A>1514</A>
               <HT>91.5</HT>
               <B>91.5</B>
               <TF>4.5</TF>
               <TW>4.5</TW>
               <I33>1875700</I33>
               <Z33>48790</Z33>
               <I22>1875700</I22>
               <Z22>48790</Z22>
               <J>67140</J>
         </STEEL_BOX>
         <STEEL_BOX>
               <DESIGNATION>SHS</DESIGNATION>
               <EDI_STD>91.5x91.5x5.4 SHS</EDI_STD>
               <LABEL>91.5X91.5X5.4SHS</LABEL>
               <A>1785</A>
               <HT>91.5</HT>
               <B>91.5</B>
               <TF>5.4</TF>
               <TW>5.4</TW>
               <I33>2156800</I33>
               <Z33>56770</Z33>
               <I22>2156800</I22>
               <Z22>56770</Z22>
               <J>78370</J>
         </STEEL_BOX>
         <STEEL_BOX>
               <DESIGNATION>SHS</DESIGNATION>
               <EDI_STD>100x100x4.0 SHS</EDI_STD>
               <LABEL>100X100X4.0SHS</LABEL>
               <A>1495</A>
               <HT>100</HT>
               <B>100</B>
               <TF>4</TF>
               <TW>4</TW>
               <I33>2263500</I33>
               <Z33>53300</Z33>
               <I22>2263500</I22>
               <Z22>53300</Z22>
               <J>73040</J>
         </STEEL_BOX>
         <STEEL_BOX>
               <DESIGNATION>SHS</DESIGNATION>
               <EDI_STD>100x100x5.0 SHS</EDI_STD>
               <LABEL>100X100X5.0SHS</LABEL>
               <A>1836</A>
               <HT>100</HT>
               <B>100</B>
               <TF>5</TF>
               <TW>5</TW>
               <I33>2711000</I33>
               <Z33>64590</Z33>
               <I22>2711000</I22>
               <Z22>64590</Z22>
               <J>88910</J>
         </STEEL_BOX>
         <STEEL_BOX>
               <DESIGNATION>SHS</DESIGNATION>
               <EDI_STD>100x100x6.0 SHS</EDI_STD>
               <LABEL>100X100X6.0SHS</LABEL>
               <A>2163</A>
               <HT>100</HT>
               <B>100</B>
               <TF>6</TF>
               <TW>6</TW>
               <I33>3114700</I33>
               <Z33>75100</Z33>
               <I22>3114700</I22>
               <Z22>75100</Z22>
               <J>103710</J>
         </STEEL_BOX>
         <STEEL_BOX>
               <DESIGNATION>SHS</DESIGNATION>
               <EDI_STD>113.5x113.5x4.8 SHS</EDI_STD>
               <LABEL>113.5X113.5X4.8SHS</LABEL>
               <A>2028</A>
               <HT>113.5</HT>
               <B>113.5</B>
               <TF>4.8</TF>
               <TW>4.8</TW>
               <I33>3933000</I33>
               <Z33>81810</Z33>
               <I22>3933000</I22>
               <Z22>81810</Z22>
               <J>112240</J>
         </STEEL_BOX>
         <STEEL_BOX>
               <DESIGNATION>SHS</DESIGNATION>
               <EDI_STD>113.5x113.5x5.4 SHS</EDI_STD>
               <LABEL>113.5X113.5X5.4SHS</LABEL>
               <A>2260</A>
               <HT>113.5</HT>
               <B>113.5</B>
               <TF>5.4</TF>
               <TW>5.4</TW>
               <I33>4325800</I33>
               <Z33>90550</Z33>
               <I22>4325800</I22>
               <Z22>90550</Z22>
               <J>124510</J>
         </STEEL_BOX>
         <STEEL_BOX>
               <DESIGNATION>SHS</DESIGNATION>
               <EDI_STD>132x132x4.8 SHS</EDI_STD>
               <LABEL>132X132X4.8SHS</LABEL>
               <A>2383</A>
               <HT>132</HT>
               <B>132</B>
               <TF>4.8</TF>
               <TW>4.8</TW>
               <I33>6343900</I33>
               <Z33>112690</Z33>
               <I22>6343900</I22>
               <Z22>112690</Z22>
               <J>154140</J>
         </STEEL_BOX>
         <STEEL_BOX>
               <DESIGNATION>SHS</DESIGNATION>
               <EDI_STD>132x132x5.4 SHS</EDI_STD>
               <LABEL>132X132X5.4SHS</LABEL>
               <A>2660</A>
               <HT>132</HT>
               <B>132</B>
               <TF>5.4</TF>
               <TW>5.4</TW>
               <I33>7001100</I33>
               <Z33>125020</Z33>
               <I22>7001100</I22>
               <Z22>125020</Z22>
               <J>171410</J>
         </STEEL_BOX>
         <STEEL_BOX>
               <DESIGNATION>SHS</DESIGNATION>
               <EDI_STD>150x150x4.0 SHS</EDI_STD>
               <LABEL>150X150X4.0SHS</LABEL>
               <A>2295</A>
               <HT>150</HT>
               <B>150</B>
               <TF>4</TF>
               <TW>4</TW>
               <I33>8078200</I33>
               <Z33>124870</Z33>
               <I22>8078200</I22>
               <Z22>124870</Z22>
               <J>169840</J>
         </STEEL_BOX>
         <STEEL_BOX>
               <DESIGNATION>SHS</DESIGNATION>
               <EDI_STD>150x150x5.0 SHS</EDI_STD>
               <LABEL>150X150X5.0SHS</LABEL>
               <A>2836</A>
               <HT>150</HT>
               <B>150</B>
               <TF>5</TF>
               <TW>5</TW>
               <I33>9821200</I33>
               <Z33>152980</Z33>
               <I22>9821200</I22>
               <Z22>152980</Z22>
               <J>208910</J>
         </STEEL_BOX>
         <STEEL_BOX>
               <DESIGNATION>SHS</DESIGNATION>
               <EDI_STD>150x150x6.0 SHS</EDI_STD>
               <LABEL>150X150X6.0SHS</LABEL>
               <A>3363</A>
               <HT>150</HT>
               <B>150</B>
               <TF>6</TF>
               <TW>6</TW>
               <I33>11459100</I33>
               <Z33>179880</Z33>
               <I22>11459100</I22>
               <Z22>179880</Z22>
               <J>246510</J>
         </STEEL_BOX>
         <STEEL_BOX>
               <DESIGNATION>SHS</DESIGNATION>
               <EDI_STD>150x150x7.0 SHS</EDI_STD>
               <LABEL>150X150X7.0SHS</LABEL>
               <A>3878</A>
               <HT>150</HT>
               <B>150</B>
               <TF>7</TF>
               <TW>7</TW>
               <I33>12994400</I33>
               <Z33>205590</Z33>
               <I22>12994400</I22>
               <Z22>205590</Z22>
               <J>282610</J>
         </STEEL_BOX>
         <STEEL_BOX>
               <DESIGNATION>SHS</DESIGNATION>
               <EDI_STD>150x150x8.0 SHS</EDI_STD>
               <LABEL>150X150X8.0SHS</LABEL>
               <A>4379</A>
               <HT>150</HT>
               <B>150</B>
               <TF>8</TF>
               <TW>8</TW>
               <I33>14430000</I33>
               <Z33>230110</Z33>
               <I22>14430000</I22>
               <Z22>230110</Z22>
               <J>317130</J>
         </STEEL_BOX>
         <STEEL_BOX>
               <DESIGNATION>SHS</DESIGNATION>
               <EDI_STD>180x180x4.0 SHS</EDI_STD>
               <LABEL>180X180X4.0SHS</LABEL>
               <A>2775</A>
               <HT>180</HT>
               <B>180</B>
               <TF>4</TF>
               <TW>4</TW>
               <I33>14217400</I33>
               <Z33>182210</Z33>
               <I22>14217400</I22>
               <Z22>182210</Z22>
               <J>247120</J>
         </STEEL_BOX>
         <STEEL_BOX>
               <DESIGNATION>SHS</DESIGNATION>
               <EDI_STD>180x180x5.0 SHS</EDI_STD>
               <LABEL>180X180X5.0SHS</LABEL>
               <A>3436</A>
               <HT>180</HT>
               <B>180</B>
               <TF>5</TF>
               <TW>5</TW>
               <I33>17368700</I33>
               <Z33>224020</Z33>
               <I22>17368700</I22>
               <Z22>224020</Z22>
               <J>304910</J>
         </STEEL_BOX>
         <STEEL_BOX>
               <DESIGNATION>SHS</DESIGNATION>
               <EDI_STD>180x180x6.0 SHS</EDI_STD>
               <LABEL>180X180X6.0SHS</LABEL>
               <A>4083</A>
               <HT>180</HT>
               <B>180</B>
               <TF>6</TF>
               <TW>6</TW>
               <I33>20365200</I33>
               <Z33>264350</Z33>
               <I22>20365200</I22>
               <Z22>264350</Z22>
               <J>360990</J>
         </STEEL_BOX>
         <STEEL_BOX>
               <DESIGNATION>SHS</DESIGNATION>
               <EDI_STD>180x180x7.0 SHS</EDI_STD>
               <LABEL>180X180X7.0SHS</LABEL>
               <A>4718</A>
               <HT>180</HT>
               <B>180</B>
               <TF>7</TF>
               <TW>7</TW>
               <I33>23210400</I33>
               <Z33>303240</Z33>
               <I22>23210400</I22>
               <Z22>303240</Z22>
               <J>415330</J>
         </STEEL_BOX>
         <STEEL_BOX>
               <DESIGNATION>SHS</DESIGNATION>
               <EDI_STD>180x180x8.0 SHS</EDI_STD>
               <LABEL>180X180X8.0SHS</LABEL>
               <A>5339</A>
               <HT>180</HT>
               <B>180</B>
               <TF>8</TF>
               <TW>8</TW>
               <I33>25907300</I33>
               <Z33>340680</Z33>
               <I22>25907300</I22>
               <Z22>340680</Z22>
               <J>467850</J>
         </STEEL_BOX>
         <STEEL_BOX>
               <DESIGNATION>SHS</DESIGNATION>
               <EDI_STD>220x220x6.0 SHS</EDI_STD>
               <LABEL>220X220X6.0SHS</LABEL>
               <A>5043</A>
               <HT>220</HT>
               <B>220</B>
               <TF>6</TF>
               <TW>6</TW>
               <I33>38133600</I33>
               <Z33>402180</Z33>
               <I22>38133600</I22>
               <Z22>402180</Z22>
               <J>547230</J>
         </STEEL_BOX>
         <STEEL_BOX>
               <DESIGNATION>SHS</DESIGNATION>
               <EDI_STD>220x220x8.0 SHS</EDI_STD>
               <LABEL>220X220X8.0SHS</LABEL>
               <A>6619</A>
               <HT>220</HT>
               <B>220</B>
               <TF>8</TF>
               <TW>8</TW>
               <I33>48949900</I33>
               <Z33>521700</Z33>
               <I22>48949900</I22>
               <Z22>521700</Z22>
               <J>713610</J>
         </STEEL_BOX>
         <STEEL_BOX>
               <DESIGNATION>SHS</DESIGNATION>
               <EDI_STD>220x220x10.0 SHS</EDI_STD>
               <LABEL>220X220X10.0SHS</LABEL>
               <A>8143</A>
               <HT>220</HT>
               <B>220</B>
               <TF>10</TF>
               <TW>10</TW>
               <I33>58871900</I33>
               <Z33>634160</Z33>
               <I22>58871900</I22>
               <Z22>634160</Z22>
               <J>871270</J>
         </STEEL_BOX>
         <STEEL_BOX>
               <DESIGNATION>SHS</DESIGNATION>
               <EDI_STD>220x220x12.0 SHS</EDI_STD>
               <LABEL>220X220X12.0SHS</LABEL>
               <A>9614</A>
               <HT>220</HT>
               <B>220</B>
               <TF>12</TF>
               <TW>12</TW>
               <I33>67930800</I33>
               <Z33>739660</Z33>
               <I22>67930800</I22>
               <Z22>739660</Z22>
               <J>1019790</J>
         </STEEL_BOX>
         <STEEL_BOX>
               <DESIGNATION>SHS</DESIGNATION>
               <EDI_STD>250x250x6.0 SHS</EDI_STD>
               <LABEL>250X250X6.0SHS</LABEL>
               <A>5763</A>
               <HT>250</HT>
               <B>250</B>
               <TF>6</TF>
               <TW>6</TW>
               <I33>56720000</I33>
               <Z33>524450</Z33>
               <I22>56720000</I22>
               <Z22>524450</Z22>
               <J>712110</J>
         </STEEL_BOX>
         <STEEL_BOX>
               <DESIGNATION>SHS</DESIGNATION>
               <EDI_STD>250x250x8.0 SHS</EDI_STD>
               <LABEL>250X250X8.0SHS</LABEL>
               <A>7579</A>
               <HT>250</HT>
               <B>250</B>
               <TF>8</TF>
               <TW>8</TW>
               <I33>73156500</I33>
               <Z33>682670</Z33>
               <I22>73156500</I22>
               <Z22>682670</Z22>
               <J>931530</J>
         </STEEL_BOX>
         <STEEL_BOX>
               <DESIGNATION>SHS</DESIGNATION>
               <EDI_STD>250x250x10.0 SHS</EDI_STD>
               <LABEL>250X250X10.0SHS</LABEL>
               <A>9343</A>
               <HT>250</HT>
               <B>250</B>
               <TF>10</TF>
               <TW>10</TW>
               <I33>88418600</I33>
               <Z33>832790</Z33>
               <I22>88418600</I22>
               <Z22>832790</Z22>
               <J>1141270</J>
         </STEEL_BOX>
         <STEEL_BOX>
               <DESIGNATION>SHS</DESIGNATION>
               <EDI_STD>250x250x12.0 SHS</EDI_STD>
               <LABEL>250X250X12.0SHS</LABEL>
               <A>11054</A>
               <HT>250</HT>
               <B>250</B>
               <TF>12</TF>
               <TW>12</TW>
               <I33>102542100</I33>
               <Z33>974940</Z33>
               <I22>102542100</I22>
               <Z22>974940</Z22>
               <J>1340910</J>
         </STEEL_BOX>
  <STEEL_PIPE>
    <DESIGNATION>CHS</DESIGNATION>
    <EDI_STD>21.3x2 CHS</EDI_STD>
    <LABEL>21.3X2CHS</LABEL>
    <A>121</A>
    <OD>21.3</OD>
    <TDES>2</TDES>
    <I33>5700</I33>
    <Z33>750</Z33>
  </STEEL_PIPE>
  <STEEL_PIPE>
    <DESIGNATION>CHS</DESIGNATION>
    <EDI_STD>21.3x2.6 CHS</EDI_STD>
    <LABEL>21.3X2.6CHS</LABEL>
    <A>153</A>
    <OD>21.3</OD>
    <TDES>2.6</TDES>
    <I33>6800</I33>
    <Z33>920</Z33>
  </STEEL_PIPE>
  <STEEL_PIPE>
    <DESIGNATION>CHS</DESIGNATION>
    <EDI_STD>21.3x3.2 CHS</EDI_STD>
    <LABEL>21.3X3.2CHS</LABEL>
    <A>182</A>
    <OD>21.3</OD>
    <TDES>3.2</TDES>
    <I33>7700</I33>
    <Z33>1060</Z33>
  </STEEL_PIPE>
  <STEEL_PIPE>
    <DESIGNATION>CHS</DESIGNATION>
    <EDI_STD>26.9x2.3 CHS</EDI_STD>
    <LABEL>26.9X2.3CHS</LABEL>
    <A>178</A>
    <OD>26.9</OD>
    <TDES>2.3</TDES>
    <I33>13600</I33>
    <Z33>1400</Z33>
  </STEEL_PIPE>
  <STEEL_PIPE>
    <DESIGNATION>CHS</DESIGNATION>
    <EDI_STD>26.9x2.6 CHS</EDI_STD>
    <LABEL>26.9X2.6CHS</LABEL>
    <A>198</A>
    <OD>26.9</OD>
    <TDES>2.6</TDES>
    <I33>14800</I33>
    <Z33>1540</Z33>
  </STEEL_PIPE>
  <STEEL_PIPE>
    <DESIGNATION>CHS</DESIGNATION>
    <EDI_STD>26.9x3.2 CHS</EDI_STD>
    <LABEL>26.9X3.2CHS</LABEL>
    <A>238</A>
    <OD>26.9</OD>
    <TDES>3.2</TDES>
    <I33>17000</I33>
    <Z33>1810</Z33>
  </STEEL_PIPE>
  <STEEL_PIPE>
    <DESIGNATION>CHS</DESIGNATION>
    <EDI_STD>33.7x2.6 CHS</EDI_STD>
    <LABEL>33.7X2.6CHS</LABEL>
    <A>254</A>
    <OD>33.7</OD>
    <TDES>2.6</TDES>
    <I33>30900</I33>
    <Z33>2520</Z33>
  </STEEL_PIPE>
  <STEEL_PIPE>
    <DESIGNATION>CHS</DESIGNATION>
    <EDI_STD>33.7x3.2 CHS</EDI_STD>
    <LABEL>33.7X3.2CHS</LABEL>
    <A>307</A>
    <OD>33.7</OD>
    <TDES>3.2</TDES>
    <I33>36000</I33>
    <Z33>2990</Z33>
  </STEEL_PIPE>
  <STEEL_PIPE>
    <DESIGNATION>CHS</DESIGNATION>
    <EDI_STD>33.7x4 CHS</EDI_STD>
    <LABEL>33.7X4CHS</LABEL>
    <A>373</A>
    <OD>33.7</OD>
    <TDES>4</TDES>
    <I33>41900</I33>
    <Z33>3550</Z33>
  </STEEL_PIPE>
  <STEEL_PIPE>
    <DESIGNATION>CHS</DESIGNATION>
    <EDI_STD>42.4x2.6 CHS</EDI_STD>
    <LABEL>42.4X2.6CHS</LABEL>
    <A>325</A>
    <OD>42.4</OD>
    <TDES>2.6</TDES>
    <I33>64600</I33>
    <Z33>4120</Z33>
  </STEEL_PIPE>
  <STEEL_PIPE>
    <DESIGNATION>CHS</DESIGNATION>
    <EDI_STD>42.4x3.2 CHS</EDI_STD>
    <LABEL>42.4X3.2CHS</LABEL>
    <A>394</A>
    <OD>42.4</OD>
    <TDES>3.2</TDES>
    <I33>76200</I33>
    <Z33>4930</Z33>
  </STEEL_PIPE>
  <STEEL_PIPE>
    <DESIGNATION>CHS</DESIGNATION>
    <EDI_STD>42.4x4 CHS</EDI_STD>
    <LABEL>42.4X4CHS</LABEL>
    <A>483</A>
    <OD>42.4</OD>
    <TDES>4</TDES>
    <I33>89900</I33>
    <Z33>5920</Z33>
  </STEEL_PIPE>
  <STEEL_PIPE>
    <DESIGNATION>CHS</DESIGNATION>
    <EDI_STD>48.3x2.9 CHS</EDI_STD>
    <LABEL>48.3X2.9CHS</LABEL>
    <A>414</A>
    <OD>48.3</OD>
    <TDES>2.9</TDES>
    <I33>107000</I33>
    <Z33>5990</Z33>
  </STEEL_PIPE>
  <STEEL_PIPE>
    <DESIGNATION>CHS</DESIGNATION>
    <EDI_STD>48.3x3.2 CHS</EDI_STD>
    <LABEL>48.3X3.2CHS</LABEL>
    <A>453</A>
    <OD>48.3</OD>
    <TDES>3.2</TDES>
    <I33>115900</I33>
    <Z33>6520</Z33>
  </STEEL_PIPE>
  <STEEL_PIPE>
    <DESIGNATION>CHS</DESIGNATION>
    <EDI_STD>48.3x4 CHS</EDI_STD>
    <LABEL>48.3X4CHS</LABEL>
    <A>557</A>
    <OD>48.3</OD>
    <TDES>4</TDES>
    <I33>137700</I33>
    <Z33>7870</Z33>
  </STEEL_PIPE>
  <STEEL_PIPE>
    <DESIGNATION>CHS</DESIGNATION>
    <EDI_STD>60.3x2.9 CHS</EDI_STD>
    <LABEL>60.3X2.9CHS</LABEL>
    <A>523</A>
    <OD>60.3</OD>
    <TDES>2.9</TDES>
    <I33>215900</I33>
    <Z33>9560</Z33>
  </STEEL_PIPE>
  <STEEL_PIPE>
    <DESIGNATION>CHS</DESIGNATION>
    <EDI_STD>60.3x3.6 CHS</EDI_STD>
    <LABEL>60.3X3.6CHS</LABEL>
    <A>641</A>
    <OD>60.3</OD>
    <TDES>3.6</TDES>
    <I33>258700</I33>
    <Z33>11590</Z33>
  </STEEL_PIPE>
  <STEEL_PIPE>
    <DESIGNATION>CHS</DESIGNATION>
    <EDI_STD>60.3x4.5 CHS</EDI_STD>
    <LABEL>60.3X4.5CHS</LABEL>
    <A>789</A>
    <OD>60.3</OD>
    <TDES>4.5</TDES>
    <I33>309000</I33>
    <Z33>14040</Z33>
  </STEEL_PIPE>
  <STEEL_PIPE>
    <DESIGNATION>CHS</DESIGNATION>
    <EDI_STD>76.1x3.2 CHS</EDI_STD>
    <LABEL>76.1X3.2CHS</LABEL>
    <A>733</A>
    <OD>76.1</OD>
    <TDES>3.2</TDES>
    <I33>487800</I33>
    <Z33>17020</Z33>
  </STEEL_PIPE>
  <STEEL_PIPE>
    <DESIGNATION>CHS</DESIGNATION>
    <EDI_STD>76.1x3.6 CHS</EDI_STD>
    <LABEL>76.1X3.6CHS</LABEL>
    <A>820</A>
    <OD>76.1</OD>
    <TDES>3.6</TDES>
    <I33>540100</I33>
    <Z33>18940</Z33>
  </STEEL_PIPE>
  <STEEL_PIPE>
    <DESIGNATION>CHS</DESIGNATION>
    <EDI_STD>76.1x4.5 CHS</EDI_STD>
    <LABEL>76.1X4.5CHS</LABEL>
    <A>1012</A>
    <OD>76.1</OD>
    <TDES>4.5</TDES>
    <I33>651200</I33>
    <Z33>23100</Z33>
  </STEEL_PIPE>
  <STEEL_PIPE>
    <DESIGNATION>CHS</DESIGNATION>
    <EDI_STD>88.9x3.2 CHS</EDI_STD>
    <LABEL>88.9X3.2CHS</LABEL>
    <A>862</A>
    <OD>88.9</OD>
    <TDES>3.2</TDES>
    <I33>792100</I33>
    <Z33>23510</Z33>
  </STEEL_PIPE>
  <STEEL_PIPE>
    <DESIGNATION>CHS</DESIGNATION>
    <EDI_STD>88.9x4 CHS</EDI_STD>
    <LABEL>88.9X4CHS</LABEL>
    <A>1067</A>
    <OD>88.9</OD>
    <TDES>4</TDES>
    <I33>963400</I33>
    <Z33>28850</Z33>
  </STEEL_PIPE>
  <STEEL_PIPE>
    <DESIGNATION>CHS</DESIGNATION>
    <EDI_STD>88.9x4.8 CHS</EDI_STD>
    <LABEL>88.9X4.8CHS</LABEL>
    <A>1268</A>
    <OD>88.9</OD>
    <TDES>4.8</TDES>
    <I33>1124900</I33>
    <Z33>33990</Z33>
  </STEEL_PIPE>
  <STEEL_PIPE>
    <DESIGNATION>CHS</DESIGNATION>
    <EDI_STD>114.3x3.6 CHS</EDI_STD>
    <LABEL>114.3X3.6CHS</LABEL>
    <A>1252</A>
    <OD>114.3</OD>
    <TDES>3.6</TDES>
    <I33>1919800</I33>
    <Z33>44130</Z33>
  </STEEL_PIPE>
  <STEEL_PIPE>
    <DESIGNATION>CHS</DESIGNATION>
    <EDI_STD>114.3x4.5 CHS</EDI_STD>
    <LABEL>114.3X4.5CHS</LABEL>
    <A>1552</A>
    <OD>114.3</OD>
    <TDES>4.5</TDES>
    <I33>2343200</I33>
    <Z33>54280</Z33>
  </STEEL_PIPE>
  <STEEL_PIPE>
    <DESIGNATION>CHS</DESIGNATION>
    <EDI_STD>114.3x5.4 CHS</EDI_STD>
    <LABEL>114.3X5.4CHS</LABEL>
    <A>1847</A>
    <OD>114.3</OD>
    <TDES>5.4</TDES>
    <I33>2745400</I33>
    <Z33>64090</Z33>
  </STEEL_PIPE>
  <STEEL_PIPE>
    <DESIGNATION>CHS</DESIGNATION>
    <EDI_STD>139.7x4.5 CHS</EDI_STD>
    <LABEL>139.7X4.5CHS</LABEL>
    <A>1911</A>
    <OD>139.7</OD>
    <TDES>4.5</TDES>
    <I33>4372000</I33>
    <Z33>82290</Z33>
  </STEEL_PIPE>
  <STEEL_PIPE>
    <DESIGNATION>CHS</DESIGNATION>
    <EDI_STD>139.7x4.8 CHS</EDI_STD>
    <LABEL>139.7X4.8CHS</LABEL>
    <A>2034</A>
    <OD>139.7</OD>
    <TDES>4.8</TDES>
    <I33>4633300</I33>
    <Z33>87390</Z33>
  </STEEL_PIPE>
  <STEEL_PIPE>
    <DESIGNATION>CHS</DESIGNATION>
    <EDI_STD>139.7x5.4 CHS</EDI_STD>
    <LABEL>139.7X5.4CHS</LABEL>
    <A>2278</A>
    <OD>139.7</OD>
    <TDES>5.4</TDES>
    <I33>5145000</I33>
    <Z33>97450</Z33>
  </STEEL_PIPE>
  <STEEL_PIPE>
    <DESIGNATION>CHS</DESIGNATION>
    <EDI_STD>165.1x4.5 CHS</EDI_STD>
    <LABEL>165.1X4.5CHS</LABEL>
    <A>2270</A>
    <OD>165.1</OD>
    <TDES>4.5</TDES>
    <I33>7325700</I33>
    <Z33>116100</Z33>
  </STEEL_PIPE>
  <STEEL_PIPE>
    <DESIGNATION>CHS</DESIGNATION>
    <EDI_STD>165.1x6 CHS</EDI_STD>
    <LABEL>165.1X6CHS</LABEL>
    <A>2999</A>
    <OD>165.1</OD>
    <TDES>6</TDES>
    <I33>9502500</I33>
    <Z33>151950</Z33>
  </STEEL_PIPE>
  <STEEL_PIPE>
    <DESIGNATION>CHS</DESIGNATION>
    <EDI_STD>165.1x8 CHS</EDI_STD>
    <LABEL>165.1X8CHS</LABEL>
    <A>3948</A>
    <OD>165.1</OD>
    <TDES>8</TDES>
    <I33>12212500</I33>
    <Z33>197610</Z33>
  </STEEL_PIPE>
  <STEEL_PIPE>
    <DESIGNATION>CHS</DESIGNATION>
    <EDI_STD>165.1x10 CHS</EDI_STD>
    <LABEL>165.1X10CHS</LABEL>
    <A>4873</A>
    <OD>165.1</OD>
    <TDES>10</TDES>
    <I33>14712900</I33>
    <Z33>240890</Z33>
  </STEEL_PIPE>
  <STEEL_PIPE>
    <DESIGNATION>CHS</DESIGNATION>
    <EDI_STD>219.1x5 CHS</EDI_STD>
    <LABEL>219.1X5CHS</LABEL>
    <A>3363</A>
    <OD>219.1</OD>
    <TDES>5</TDES>
    <I33>19280400</I33>
    <Z33>229240</Z33>
  </STEEL_PIPE>
  <STEEL_PIPE>
    <DESIGNATION>CHS</DESIGNATION>
    <EDI_STD>219.1x6 CHS</EDI_STD>
    <LABEL>219.1X6CHS</LABEL>
    <A>4017</A>
    <OD>219.1</OD>
    <TDES>6</TDES>
    <I33>22819500</I33>
    <Z33>272540</Z33>
  </STEEL_PIPE>
  <STEEL_PIPE>
    <DESIGNATION>CHS</DESIGNATION>
    <EDI_STD>219.1x8 CHS</EDI_STD>
    <LABEL>219.1X8CHS</LABEL>
    <A>5306</A>
    <OD>219.1</OD>
    <TDES>8</TDES>
    <I33>29596300</I33>
    <Z33>356680</Z33>
  </STEEL_PIPE>
  <STEEL_PIPE>
    <DESIGNATION>CHS</DESIGNATION>
    <EDI_STD>219.1x10 CHS</EDI_STD>
    <LABEL>219.1X10CHS</LABEL>
    <A>6569</A>
    <OD>219.1</OD>
    <TDES>10</TDES>
    <I33>35984400</I33>
    <Z33>437560</Z33>
  </STEEL_PIPE>
  <STEEL_PIPE>
    <DESIGNATION>CHS</DESIGNATION>
    <EDI_STD>219.1x12 CHS</EDI_STD>
    <LABEL>219.1X12CHS</LABEL>
    <A>7807</A>
    <OD>219.1</OD>
    <TDES>12</TDES>
    <I33>41998800</I33>
    <Z33>515260</Z33>
  </STEEL_PIPE>
  <STEEL_PIPE>
    <DESIGNATION>CHS</DESIGNATION>
    <EDI_STD>273x6 CHS</EDI_STD>
    <LABEL>273X6CHS</LABEL>
    <A>5033</A>
    <OD>273</OD>
    <TDES>6</TDES>
    <I33>44870800</I33>
    <Z33>427810</Z33>
  </STEEL_PIPE>
  <STEEL_PIPE>
    <DESIGNATION>CHS</DESIGNATION>
    <EDI_STD>273x8 CHS</EDI_STD>
    <LABEL>273X8CHS</LABEL>
    <A>6660</A>
    <OD>273</OD>
    <TDES>8</TDES>
    <I33>58517100</I33>
    <Z33>561970</Z33>
  </STEEL_PIPE>
  <STEEL_PIPE>
    <DESIGNATION>CHS</DESIGNATION>
    <EDI_STD>273x10 CHS</EDI_STD>
    <LABEL>273X10CHS</LABEL>
    <A>8262</A>
    <OD>273</OD>
    <TDES>10</TDES>
    <I33>71540900</I33>
    <Z33>692020</Z33>
  </STEEL_PIPE>
  <STEEL_PIPE>
    <DESIGNATION>CHS</DESIGNATION>
    <EDI_STD>273x12 CHS</EDI_STD>
    <LABEL>273X12CHS</LABEL>
    <A>9839</A>
    <OD>273</OD>
    <TDES>12</TDES>
    <I33>83961400</I33>
    <Z33>818030</Z33>
  </STEEL_PIPE>
  <STEEL_PIPE>
    <DESIGNATION>CHS</DESIGNATION>
    <EDI_STD>323.9x6.3 CHS</EDI_STD>
    <LABEL>323.9X6.3CHS</LABEL>
    <A>6286</A>
    <OD>323.9</OD>
    <TDES>6.3</TDES>
    <I33>79289000</I33>
    <Z33>635560</Z33>
  </STEEL_PIPE>
  <STEEL_PIPE>
    <DESIGNATION>CHS</DESIGNATION>
    <EDI_STD>323.9x8 CHS</EDI_STD>
    <LABEL>323.9X8CHS</LABEL>
    <A>7939</A>
    <OD>323.9</OD>
    <TDES>8</TDES>
    <I33>99100800</I33>
    <Z33>798510</Z33>
  </STEEL_PIPE>
  <STEEL_PIPE>
    <DESIGNATION>CHS</DESIGNATION>
    <EDI_STD>323.9x10 CHS</EDI_STD>
    <LABEL>323.9X10CHS</LABEL>
    <A>9861</A>
    <OD>323.9</OD>
    <TDES>10</TDES>
    <I33>121583400</I33>
    <Z33>985670</Z33>
  </STEEL_PIPE>
  <STEEL_PIPE>
    <DESIGNATION>CHS</DESIGNATION>
    <EDI_STD>323.9x12 CHS</EDI_STD>
    <LABEL>323.9X12CHS</LABEL>
    <A>11758</A>
    <OD>323.9</OD>
    <TDES>12</TDES>
    <I33>143195600</I33>
    <Z33>1167960</Z33>
  </STEEL_PIPE>
  <STEEL_PIPE>
    <DESIGNATION>CHS</DESIGNATION>
    <EDI_STD>355.6x8 CHS</EDI_STD>
    <LABEL>355.6X8CHS</LABEL>
    <A>8736</A>
    <OD>355.6</OD>
    <TDES>8</TDES>
    <I33>132013700</I33>
    <Z33>966780</Z33>
  </STEEL_PIPE>
  <STEEL_PIPE>
    <DESIGNATION>CHS</DESIGNATION>
    <EDI_STD>355.6x10 CHS</EDI_STD>
    <LABEL>355.6X10CHS</LABEL>
    <A>10857</A>
    <OD>355.6</OD>
    <TDES>10</TDES>
    <I33>162235000</I33>
    <Z33>1194730</Z33>
  </STEEL_PIPE>
  <STEEL_PIPE>
    <DESIGNATION>CHS</DESIGNATION>
    <EDI_STD>355.6x12 CHS</EDI_STD>
    <LABEL>355.6X12CHS</LABEL>
    <A>12953</A>
    <OD>355.6</OD>
    <TDES>12</TDES>
    <I33>191394700</I33>
    <Z33>1417310</Z33>
  </STEEL_PIPE>
  
</PROPERTY_FILE>